id,product_id_id,user_id_id,quantity
1,3525,542,2
2,3640,738,5
3,1363,416,3
4,1267,853,5
5,18,378,1
6,2703,309,3
7,3433,210,4
8,3525,256,4
9,4476,338,3
10,2773,85,1
11,2736,585,3
12,308,272,4
13,3001,779,3
14,3047,4,5
15,2515,289,3
16,2741,434,5
17,3783,361,1
18,2017,958,5
19,666,313,1
20,70,528,3
21,3675,4,1
22,1359,963,4
23,2665,136,2
24,13,347,5
25,1024,461,1
26,2081,587,1
27,955,619,3
28,3098,468,5
29,367,655,1
30,1843,322,1
31,3958,627,1
32,625,165,5
33,2259,93,4
34,2980,544,4
35,1468,870,5
36,3972,669,5
37,386,257,4
38,2585,5,3
39,4178,893,1
40,319,784,1
41,351,872,2
42,1489,873,5
43,4238,744,5
44,2670,973,5
45,1945,25,3
46,1163,751,5
47,1396,61,3
48,1586,845,4
49,1883,429,1
50,1229,439,2
51,375,977,4
52,2501,941,1
53,3432,88,3
54,2171,977,4
55,2727,278,4
56,2596,913,2
57,4125,533,2
58,1141,295,1
59,4443,712,5
60,2050,317,5
61,3055,543,1
62,425,412,2
63,2208,520,4
64,4372,957,1
65,3775,604,1
66,2604,5,3
67,2049,179,1
68,3077,403,1
69,4369,183,5
70,1559,680,5
71,2275,721,5
72,1456,562,1
73,4355,714,4
74,2881,97,4
75,628,963,2
76,3043,303,5
77,2936,59,2
78,3181,688,1
79,3415,666,2
80,3422,12,4
81,3794,930,3
82,3804,403,2
83,1960,306,3
84,1961,921,5
85,757,875,2
86,1770,31,2
87,3513,774,2
88,4242,281,2
89,2337,861,1
90,3636,56,5
91,1999,768,3
92,4436,359,1
93,838,529,1
94,2866,164,2
95,1178,888,2
96,591,601,3
97,2697,66,4
98,4260,88,3
99,642,563,5
100,1989,3,2
101,3442,504,2
102,1948,34,1
103,3026,403,5
104,2683,752,4
105,1020,234,4
106,4164,508,5
107,285,748,2
108,4164,220,5
109,1545,862,5
110,1369,6,4
111,3215,921,4
112,530,627,2
113,4305,142,2
114,1616,366,3
115,296,206,4
116,1505,669,1
117,2862,247,1
118,936,55,5
119,137,895,5
120,2656,579,5
121,642,449,4
122,4380,669,1
123,1886,673,4
124,3134,114,2
125,2451,695,1
126,2072,673,1
127,3569,959,4
128,3426,139,2
129,1791,281,4
130,1808,979,2
131,2605,248,1
132,589,577,2
133,4339,101,5
134,1433,288,4
135,1560,553,3
136,686,14,4
137,1685,960,4
138,3352,189,4
139,801,766,2
140,2249,617,1
141,3452,710,2
142,1736,309,1
143,1717,485,5
144,952,828,1
145,4327,105,4
146,3798,488,3
147,148,30,2
148,4230,220,3
149,1473,380,5
150,3407,786,3
151,2112,795,5
152,2606,27,2
153,2107,47,4
154,20,773,2
155,2640,274,3
156,4018,103,2
157,1241,579,1
158,3548,176,5
159,38,745,5
160,1700,559,4
161,193,337,2
162,1019,103,5
163,3144,945,2
164,945,90,1
165,1495,370,2
166,3330,888,4
167,2962,172,4
168,943,625,3
169,3375,914,2
170,2239,542,5
171,570,699,4
172,39,340,5
173,2228,531,2
174,3895,991,2
175,3122,766,5
176,866,512,5
177,2636,387,5
178,2711,223,3
179,2515,907,1
180,2273,272,4
181,1315,954,3
182,2401,179,5
183,1093,345,3
184,256,818,1
185,1645,690,4
186,2820,644,4
187,130,666,1
188,1563,29,3
189,2190,229,5
190,2961,570,3
191,4253,760,2
192,699,632,4
193,3931,43,1
194,129,701,2
195,979,4,2
196,3645,40,4
197,3197,982,4
198,2361,497,3
199,2303,802,5
200,2621,172,2
201,2365,928,3
202,4098,612,5
203,2193,831,5
204,1789,488,4
205,4098,846,5
206,653,195,3
207,3307,170,2
208,442,941,4
209,1333,191,3
210,4292,894,5
211,1472,192,4
212,4428,709,5
213,1898,274,3
214,511,913,4
215,339,879,3
216,255,220,1
217,1323,498,2
218,3739,718,1
219,1079,391,4
220,3519,404,4
221,119,997,5
222,3890,269,2
223,3128,538,5
224,836,680,4
225,3672,372,5
226,88,800,3
227,2461,491,2
228,572,182,3
229,1095,82,2
230,1616,167,4
231,2877,661,2
232,1606,751,5
233,3489,222,4
234,1400,719,1
235,4304,5,2
236,1073,467,2
237,3423,179,2
238,4162,155,3
239,233,831,3
240,1301,511,3
241,2128,612,1
242,4457,107,2
243,832,947,1
244,2199,529,3
245,625,626,1
246,89,341,2
247,2171,316,1
248,2616,921,1
249,4295,322,5
250,3440,162,1
251,3107,16,5
252,851,706,3
253,2973,100,3
254,2634,532,5
255,1288,869,5
256,1969,254,2
257,1659,939,4
258,1311,495,1
259,2126,763,3
260,1584,556,2
261,2900,480,2
262,3548,621,1
263,3152,538,2
264,2349,449,2
265,920,711,4
266,1876,914,1
267,118,673,1
268,2949,777,5
269,2106,958,1
270,594,484,3
271,3338,44,5
272,2889,444,4
273,512,834,5
274,2189,4,1
275,1251,802,2
276,4017,500,5
277,2947,645,5
278,2363,272,5
279,1003,72,2
280,1704,159,2
281,988,21,2
282,1846,999,2
283,880,88,2
284,3017,864,4
285,4206,574,5
286,2908,736,3
287,3054,182,4
288,214,770,2
289,1511,799,3
290,3687,236,4
291,4421,116,4
292,1479,185,1
293,3622,80,3
294,3133,298,2
295,1135,130,2
296,862,81,4
297,3129,477,3
298,1762,869,3
299,2314,869,2
300,883,580,4
301,4364,562,2
302,3276,628,4
303,4437,34,2
304,3206,408,3
305,3476,457,5
306,308,695,1
307,3990,737,5
308,2845,111,3
309,3872,228,4
310,4307,557,3
311,1707,966,5
312,2431,891,3
313,442,843,4
314,1859,730,4
315,2898,189,4
316,2103,278,4
317,3046,368,1
318,2957,868,5
319,3976,213,3
320,4425,16,2
321,2185,903,3
322,3719,487,5
323,1562,525,1
324,2854,931,2
325,1473,607,5
326,3331,170,1
327,4490,772,2
328,891,798,4
329,2919,266,1
330,954,89,4
331,4490,982,3
332,372,901,1
333,3829,120,3
334,652,442,4
335,292,65,4
336,295,38,5
337,2274,901,1
338,3878,602,4
339,1658,592,4
340,891,764,1
341,620,937,5
342,3298,897,4
343,3813,937,4
344,4295,214,3
345,1635,409,1
346,3840,824,2
347,1444,855,1
348,3802,72,2
349,3365,906,3
350,2408,764,3
351,3253,565,3
352,3781,884,2
353,3620,454,3
354,1117,752,2
355,2769,584,4
356,2208,951,2
357,1913,367,1
358,1440,601,3
359,548,915,5
360,3250,286,1
361,4424,5,3
362,4147,935,1
363,3837,98,4
364,4322,421,5
365,3994,512,3
366,3257,355,5
367,1606,139,3
368,2504,646,5
369,1065,597,3
370,1210,414,5
371,3368,165,1
372,4258,913,3
373,483,862,1
374,3800,114,4
375,1104,663,5
376,1507,67,5
377,3440,975,2
378,3312,884,3
379,2695,154,3
380,1509,590,5
381,922,737,1
382,3062,158,1
383,1054,776,4
384,3174,572,5
385,3365,792,2
386,779,818,3
387,3108,759,5
388,1084,634,5
389,2506,352,5
390,106,199,3
391,592,49,4
392,810,801,3
393,185,797,4
394,1646,883,3
395,1821,574,3
396,3781,383,5
397,710,329,2
398,3041,491,3
399,4497,353,2
400,2579,819,5
401,1840,836,2
402,3677,930,5
403,1244,233,1
404,279,491,2
405,860,11,4
406,2151,182,5
407,2398,643,3
408,1011,446,3
409,376,364,4
410,3573,333,4
411,259,956,1
412,3521,994,3
413,832,848,3
414,2474,275,3
415,3634,517,1
416,328,704,4
417,2717,273,2
418,1997,784,4
419,2760,648,4
420,1444,402,5
421,3760,730,3
422,1565,805,4
423,2546,393,1
424,1508,924,3
425,2608,921,5
426,1578,218,1
427,3629,927,3
428,2820,793,5
429,3013,988,1
430,2885,823,5
431,2261,479,1
432,1442,417,3
433,582,26,1
434,780,987,5
435,2304,664,5
436,983,619,1
437,724,426,4
438,1710,357,5
439,2245,881,5
440,3168,343,3
441,1172,479,1
442,611,635,2
443,3542,817,4
444,2113,104,1
445,2271,737,3
446,4421,516,1
447,2805,566,4
448,2176,578,5
449,3340,906,2
450,4449,778,3
451,398,346,4
452,1187,287,5
453,1962,211,4
454,3231,750,3
455,2001,916,2
456,1421,805,5
457,1049,488,3
458,425,766,4
459,3874,511,3
460,3322,972,2
461,2926,581,1
462,3458,582,4
463,3698,894,4
464,3889,117,2
465,657,487,4
466,4096,942,3
467,2075,821,1
468,3445,865,3
469,1221,162,2
470,1376,228,4
471,2361,754,4
472,2727,477,2
473,1553,677,2
474,3509,262,1
475,3818,645,4
476,3268,350,5
477,3009,449,5
478,3222,3,1
479,3352,178,4
480,3359,992,4
481,1431,256,1
482,2930,188,4
483,1224,260,5
484,1404,467,2
485,1607,142,4
486,1548,480,5
487,3582,196,1
488,2192,902,5
489,1242,900,3
490,2276,361,3
491,4125,163,1
492,2011,740,1
493,2035,646,1
494,35,43,1
495,3894,200,1
496,3011,324,1
497,2014,282,4
498,1746,998,1
499,402,983,2
500,2057,202,2
501,3896,533,3
502,697,853,3
503,430,130,5
504,4413,924,2
505,741,933,1
506,2141,280,5
507,123,894,1
508,2387,566,1
509,2754,98,5
510,3901,378,1
511,2379,593,2
512,18,962,3
513,968,576,3
514,1431,902,2
515,1803,249,4
516,2113,471,4
517,4485,610,4
518,2417,735,3
519,351,400,4
520,1374,296,2
521,1827,941,2
522,3329,379,1
523,387,908,4
524,374,180,2
525,1955,949,3
526,1198,418,2
527,3916,239,2
528,2456,64,5
529,3035,83,1
530,2081,431,3
531,703,818,1
532,274,975,1
533,2788,283,5
534,2461,165,4
535,2916,224,2
536,2827,788,5
537,1604,711,1
538,1963,252,2
539,3100,596,3
540,4308,982,5
541,3816,637,4
542,86,175,5
543,3896,252,2
544,3823,222,3
545,3636,500,3
546,3943,419,3
547,569,935,3
548,4088,561,1
549,3144,691,1
550,3667,927,3
551,2042,741,2
552,3186,388,2
553,889,614,1
554,2182,15,5
555,3401,713,4
556,2337,261,3
557,1924,360,5
558,1157,283,2
559,3601,942,1
560,2107,914,3
561,711,504,2
562,1819,306,5
563,4100,420,3
564,2993,349,3
565,4426,703,4
566,1439,386,2
567,192,339,1
568,335,980,5
569,588,952,5
570,3511,787,3
571,4267,6,2
572,4398,421,5
573,1963,461,2
574,2150,623,3
575,2960,210,4
576,1698,238,4
577,1418,546,3
578,3998,989,5
579,319,100,2
580,2654,156,4
581,706,282,2
582,3846,222,5
583,1207,351,5
584,543,674,2
585,2598,911,4
586,3634,489,3
587,4145,705,5
588,3293,432,1
589,300,274,2
590,3078,933,1
591,1202,276,5
592,2403,715,1
593,529,236,5
594,2695,203,4
595,1649,751,4
596,2127,452,5
597,240,896,1
598,2254,224,3
599,2243,131,1
600,4343,627,5
601,4048,421,4
602,3043,677,2
603,2550,121,2
604,1229,50,4
605,1603,750,4
606,2111,260,4
607,2966,403,5
608,1475,724,2
609,151,107,4
610,2929,891,1
611,246,725,5
612,3888,783,4
613,857,372,3
614,1755,995,5
615,4216,320,4
616,3035,75,1
617,2061,708,5
618,1493,922,5
619,4491,594,4
620,1121,186,4
621,2523,533,3
622,691,817,4
623,674,284,5
624,4075,235,2
625,343,972,2
626,4119,265,2
627,4440,242,1
628,2820,3,1
629,1767,258,5
630,2343,410,5
631,835,372,1
632,1363,125,5
633,587,509,4
634,2599,826,2
635,3191,22,2
636,4489,601,4
637,3991,181,1
638,3480,33,2
639,570,999,2
640,1160,472,2
641,3191,814,5
642,2506,848,1
643,2617,88,3
644,912,336,1
645,48,650,4
646,3498,437,5
647,1660,544,5
648,3350,750,5
649,2194,643,1
650,4303,221,3
651,4041,823,5
652,4037,798,3
653,889,87,5
654,711,567,4
655,1277,834,3
656,4374,59,2
657,2270,389,2
658,1971,760,3
659,1455,81,5
660,264,867,1
661,1807,523,3
662,3625,783,5
663,186,690,3
664,3094,518,2
665,3558,521,3
666,164,723,5
667,2169,284,2
668,9,915,4
669,448,576,3
670,4407,942,1
671,1240,97,3
672,4240,314,3
673,1066,813,2
674,806,465,2
675,2970,982,1
676,4242,971,4
677,345,287,5
678,4289,42,4
679,4152,91,5
680,9,565,4
681,3309,697,1
682,892,462,3
683,2486,692,5
684,1418,921,5
685,1018,122,1
686,1776,270,5
687,1334,399,4
688,1873,858,2
689,1739,384,1
690,4012,504,2
691,3503,476,3
692,215,76,2
693,767,54,4
694,4445,327,5
695,2302,981,3
696,1492,200,3
697,4171,191,1
698,817,370,1
699,1569,539,1
700,947,972,3
701,2224,558,1
702,3467,640,4
703,661,609,2
704,2389,319,3
705,4337,814,4
706,3105,848,4
707,442,463,3
708,2468,599,3
709,2800,846,3
710,63,213,3
711,4273,545,5
712,16,317,5
713,921,646,1
714,3921,507,5
715,1297,286,2
716,984,870,4
717,2926,212,1
718,86,900,2
719,86,215,4
720,536,250,4
721,3190,665,4
722,265,689,3
723,197,99,4
724,1185,191,5
725,3991,409,5
726,235,80,2
727,858,527,5
728,715,214,5
729,531,9,4
730,1097,350,2
731,4426,501,1
732,4201,64,2
733,3513,987,4
734,3053,33,1
735,1390,987,5
736,1530,905,4
737,2430,236,3
738,3902,691,1
739,2730,948,1
740,1220,677,1
741,3715,537,1
742,2704,477,2
743,2085,163,3
744,263,930,4
745,299,625,1
746,1109,967,2
747,3927,509,5
748,4148,699,4
749,4220,304,2
750,4149,902,4
751,213,4,2
752,421,645,3
753,3035,168,5
754,3752,405,4
755,1572,48,4
756,520,3,5
757,3517,141,2
758,1679,940,1
759,1506,285,2
760,519,946,2
761,49,579,5
762,2438,806,4
763,2523,774,2
764,1168,880,5
765,3650,526,3
766,3376,230,2
767,4359,360,5
768,550,204,3
769,3496,210,3
770,4232,5,1
771,3312,897,4
772,3361,420,2
773,2095,216,2
774,4135,637,2
775,4240,812,2
776,1467,158,1
777,3686,231,3
778,4413,125,5
779,3195,954,5
780,3711,752,4
781,4472,378,1
782,228,693,4
783,3323,973,4
784,196,213,4
785,507,66,4
786,2094,104,4
787,3915,148,2
788,2396,556,2
789,3956,574,1
790,3668,101,3
791,4284,862,2
792,1298,593,3
793,384,944,5
794,1251,786,3
795,724,502,4
796,2895,683,3
797,1710,486,2
798,4103,416,1
799,2285,593,4
800,2438,159,3
801,4450,493,2
802,2624,237,5
803,1227,36,5
804,4046,777,5
805,2325,165,4
806,735,350,1
807,3532,208,3
808,174,839,4
809,828,962,5
810,2038,595,2
811,3747,501,2
812,2340,699,2
813,2634,839,4
814,2740,579,3
815,2727,475,3
816,1399,966,4
817,1899,672,4
818,2761,2,2
819,1217,755,4
820,2179,318,1
821,2647,646,3
822,771,141,3
823,4354,149,4
824,719,680,4
825,3445,910,1
826,2166,593,1
827,461,912,5
828,2803,946,2
829,4491,89,4
830,2668,132,3
831,163,779,4
832,4288,488,1
833,868,42,5
834,3038,590,4
835,3122,614,5
836,3910,461,4
837,2192,241,3
838,4281,821,1
839,2621,654,5
840,1711,548,1
841,3896,39,2
842,837,26,5
843,2123,222,2
844,2727,905,4
845,2543,725,1
846,2074,403,5
847,2099,835,3
848,626,330,3
849,3168,759,4
850,1890,319,3
851,476,41,3
852,2724,794,4
853,676,810,2
854,2933,739,4
855,596,850,4
856,186,446,2
857,1252,253,3
858,2698,511,4
859,1328,969,1
860,1410,940,2
861,2911,901,5
862,1573,427,3
863,2651,321,3
864,1421,328,4
865,2199,588,5
866,252,53,1
867,1812,697,3
868,221,738,3
869,3885,234,2
870,143,379,3
871,1059,242,5
872,2426,67,2
873,2738,788,2
874,4466,604,4
875,1758,95,4
876,2933,478,4
877,2181,726,5
878,1279,434,4
879,2687,760,5
880,2190,210,5
881,3030,718,2
882,382,698,3
883,1006,405,2
884,4112,12,4
885,3175,276,1
886,1039,372,5
887,709,902,3
888,4053,653,1
889,1201,646,1
890,808,863,5
891,1663,532,4
892,742,142,5
893,1506,444,3
894,3018,17,3
895,3945,872,2
896,29,1000,3
897,4394,581,1
898,623,373,5
899,1206,549,4
900,237,894,5
901,2358,157,2
902,1364,716,3
903,946,807,3
904,4172,896,1
905,2331,931,5
906,3892,682,3
907,4357,536,1
908,3276,809,1
909,2816,514,4
910,3007,163,5
911,3118,785,1
912,1662,406,3
913,366,420,2
914,1941,879,3
915,2808,889,2
916,227,63,4
917,2227,89,1
918,1335,55,2
919,4246,875,5
920,1025,153,4
921,544,324,3
922,3534,636,5
923,2622,657,4
924,1636,635,5
925,726,537,5
926,2886,397,3
927,4453,900,4
928,95,844,1
929,3322,754,4
930,12,945,2
931,1716,386,4
932,1488,834,2
933,354,585,4
934,3699,147,1
935,3874,926,4
936,1078,857,2
937,3638,162,3
938,1586,308,4
939,2168,107,3
940,2616,32,1
941,288,763,1
942,1143,876,2
943,184,632,2
944,951,709,4
945,2535,133,4
946,2732,963,1
947,225,310,3
948,3175,31,2
949,864,793,5
950,2305,33,3
951,4404,580,1
952,435,524,2
953,2416,934,2
954,3028,247,3
955,1678,856,4
956,3416,563,3
957,1103,326,2
958,2676,893,5
959,473,522,2
960,1218,50,2
961,72,779,3
962,2300,286,5
963,1894,18,4
964,2726,810,4
965,4037,499,4
966,2678,502,2
967,1240,149,5
968,2635,189,5
969,2229,528,5
970,3329,97,3
971,2096,52,3
972,958,44,2
973,1621,338,1
974,251,767,4
975,3100,508,4
976,2696,99,5
977,1421,486,2
978,3995,672,1
979,2763,153,2
980,1218,160,4
981,2252,880,1
982,3311,658,4
983,2741,146,2
984,574,171,1
985,2952,883,4
986,3939,530,2
987,3353,288,5
988,1593,330,4
989,2060,305,5
990,569,73,4
991,1150,693,2
992,2802,214,1
993,4339,735,3
994,516,878,2
995,1475,587,1
996,2448,995,5
997,2461,112,5
998,1270,767,5
999,1614,947,4
1000,4157,134,5
1001,2651,77,4
1002,3617,478,5
1003,3548,137,2
1004,1197,686,5
1005,2970,977,4
1006,1717,372,1
1007,2056,905,5
1008,119,836,3
1009,3494,293,1
1010,2066,614,2
1011,4119,787,1
1012,2739,239,4
1013,3574,933,5
1014,2071,61,1
1015,1372,951,4
1016,2441,364,2
1017,586,829,4
1018,4163,835,1
1019,965,425,2
1020,3711,444,3
1021,2408,472,3
1022,4190,119,4
1023,2409,223,1
1024,3127,733,4
1025,2732,597,3
1026,3047,158,5
1027,3704,357,4
1028,3107,856,3
1029,524,278,5
1030,3491,109,5
1031,3201,108,4
1032,1155,456,4
1033,1394,652,2
1034,3854,538,1
1035,3100,321,3
1036,413,806,3
1037,2217,830,3
1038,2127,484,1
1039,2180,730,4
1040,1301,976,2
1041,3953,532,1
1042,34,731,2
1043,926,514,2
1044,3536,838,4
1045,3155,265,3
1046,1913,278,5
1047,1846,508,3
1048,4291,915,2
1049,1557,778,3
1050,3632,613,3
1051,4009,472,4
1052,4080,55,2
1053,2659,969,3
1054,632,788,4
1055,3421,680,3
1056,2506,12,4
1057,2617,232,3
1058,3329,542,1
1059,3259,422,3
1060,2547,232,2
1061,4426,418,5
1062,1809,183,3
1063,1993,26,5
1064,2289,486,2
1065,3319,54,1
1066,1981,809,3
1067,2338,264,5
1068,2209,929,3
1069,1560,924,1
1070,3177,475,5
1071,3127,307,1
1072,931,809,5
1073,2749,278,5
1074,818,254,4
1075,38,314,3
1076,3595,516,4
1077,2227,52,4
1078,494,49,4
1079,1374,924,5
1080,4354,60,4
1081,1015,104,3
1082,99,80,1
1083,112,708,3
1084,145,907,3
1085,3826,637,3
1086,2479,513,3
1087,2687,744,3
1088,672,788,1
1089,272,96,3
1090,1097,420,2
1091,2630,763,5
1092,1702,530,2
1093,4473,284,2
1094,3562,870,2
1095,3455,636,5
1096,3895,544,5
1097,3568,654,3
1098,387,957,4
1099,3566,343,1
1100,2501,587,5
1101,1793,81,4
1102,4085,581,4
1103,1947,912,5
1104,867,868,2
1105,1568,9,2
1106,3889,706,1
1107,4043,958,3
1108,3059,400,4
1109,1174,242,4
1110,2542,539,1
1111,3030,285,2
1112,2493,751,5
1113,2382,515,3
1114,2122,647,1
1115,2799,212,3
1116,1496,995,3
1117,1432,700,4
1118,2135,523,2
1119,2553,563,3
1120,1392,215,3
1121,2223,424,5
1122,1570,582,4
1123,2020,231,5
1124,2298,289,2
1125,2396,352,2
1126,1093,829,1
1127,1652,317,3
1128,853,270,5
1129,3290,368,2
1130,4174,354,1
1131,2684,767,3
1132,226,593,2
1133,20,65,5
1134,3057,763,3
1135,584,63,3
1136,3849,362,3
1137,2368,392,2
1138,2083,660,1
1139,1123,434,4
1140,35,840,2
1141,662,339,5
1142,2334,759,5
1143,2270,351,3
1144,2191,958,3
1145,849,984,2
1146,2120,692,5
1147,1708,581,2
1148,240,200,2
1149,1748,342,1
1150,196,517,4
1151,516,687,1
1152,177,461,5
1153,3635,326,1
1154,874,975,3
1155,2546,805,5
1156,267,232,3
1157,2908,191,3
1158,2140,132,2
1159,1889,484,2
1160,2133,930,3
1161,4182,233,3
1162,3144,576,1
1163,2641,103,3
1164,2838,296,5
1165,4326,406,4
1166,554,124,4
1167,2001,941,5
1168,3778,141,4
1169,2646,84,2
1170,3083,736,5
1171,3645,205,4
1172,4209,386,3
1173,47,18,5
1174,590,624,4
1175,3611,730,5
1176,2712,365,1
1177,3668,11,2
1178,125,342,5
1179,4429,505,1
1180,1501,646,2
1181,1505,408,5
1182,3636,493,4
1183,2449,664,4
1184,3749,655,5
1185,3272,357,4
1186,2681,130,2
1187,2554,730,2
1188,3940,156,3
1189,1313,289,3
1190,4437,842,1
1191,1706,203,4
1192,598,24,3
1193,2394,460,5
1194,3829,337,3
1195,1278,576,4
1196,863,501,2
1197,279,968,5
1198,3366,577,1
1199,2744,689,1
1200,1854,67,3
1201,79,544,2
1202,295,159,4
1203,970,994,2
1204,2145,107,2
1205,425,57,2
1206,3395,121,1
1207,2203,133,4
1208,32,58,5
1209,2343,739,2
1210,3892,576,4
1211,1141,701,5
1212,257,325,3
1213,3601,159,2
1214,2765,342,1
1215,2557,22,4
1216,3845,92,4
1217,2450,467,5
1218,2429,505,2
1219,4127,738,1
1220,3979,724,5
1221,1371,812,3
1222,2955,694,1
1223,3765,273,1
1224,1769,694,3
1225,3454,132,4
1226,4264,883,3
1227,655,835,2
1228,3091,245,4
1229,1436,657,5
1230,3442,889,1
1231,2831,351,5
1232,1747,568,1
1233,4084,965,3
1234,4001,766,4
1235,1316,276,1
1236,1226,780,2
1237,3236,870,5
1238,3018,939,5
1239,1782,503,3
1240,4010,419,1
1241,4275,916,2
1242,1271,929,4
1243,2571,863,5
1244,1436,635,4
1245,1440,995,4
1246,1773,971,1
1247,3240,696,2
1248,140,561,3
1249,4418,473,4
1250,767,498,5
1251,2276,441,2
1252,1332,287,3
1253,2618,262,1
1254,2962,243,3
1255,4196,923,2
1256,2836,365,2
1257,3622,58,2
1258,502,576,2
1259,4118,533,4
1260,1723,801,2
1261,362,165,5
1262,3991,630,1
1263,2268,763,2
1264,820,877,4
1265,4118,775,5
1266,1625,663,5
1267,1986,992,1
1268,431,114,2
1269,3940,550,5
1270,3033,899,3
1271,1670,378,4
1272,2409,150,1
1273,1254,648,3
1274,1250,965,1
1275,166,697,1
1276,1226,552,4
1277,805,262,1
1278,3762,176,4
1279,3553,771,2
1280,1306,19,5
1281,1254,52,4
1282,885,283,5
1283,3941,82,4
1284,3867,545,3
1285,1067,692,5
1286,440,184,5
1287,2627,653,5
1288,3377,148,5
1289,2247,548,4
1290,3781,940,5
1291,2978,319,1
1292,2019,980,3
1293,2908,596,1
1294,2506,65,5
1295,2015,97,4
1296,2039,433,2
1297,1731,307,5
1298,2961,391,5
1299,3893,999,2
1300,338,579,2
1301,510,605,3
1302,3426,923,3
1303,488,926,2
1304,2579,610,2
1305,2415,278,5
1306,212,242,1
1307,47,473,4
1308,14,803,3
1309,2720,191,2
1310,3850,552,4
1311,3167,222,2
1312,478,148,3
1313,2940,510,2
1314,805,153,5
1315,3995,926,5
1316,1809,783,4
1317,2394,80,2
1318,4464,849,1
1319,945,658,2
1320,1924,312,2
1321,2626,293,2
1322,3872,191,3
1323,2696,250,3
1324,1113,872,5
1325,1070,162,2
1326,1295,835,2
1327,4489,222,2
1328,4336,443,4
1329,3101,641,1
1330,189,860,3
1331,2333,827,3
1332,4478,328,3
1333,2992,856,5
1334,581,470,3
1335,3342,205,2
1336,24,509,5
1337,3228,753,4
1338,2201,688,4
1339,3076,398,1
1340,2690,26,5
1341,4125,802,2
1342,1733,361,4
1343,3515,959,5
1344,4284,883,4
1345,97,779,5
1346,1583,851,5
1347,29,804,3
1348,2875,845,1
1349,1674,51,1
1350,1239,931,2
1351,1139,663,3
1352,2756,359,5
1353,1564,403,1
1354,2629,59,4
1355,3818,468,4
1356,191,394,5
1357,1851,489,5
1358,3945,497,1
1359,2410,752,4
1360,825,663,5
1361,1280,724,2
1362,718,177,4
1363,2314,188,5
1364,1051,80,4
1365,3809,674,4
1366,1725,888,4
1367,295,642,5
1368,2542,701,2
1369,434,306,4
1370,3759,124,3
1371,1540,481,2
1372,3596,615,4
1373,1471,111,5
1374,2876,357,1
1375,4075,521,3
1376,4290,36,3
1377,731,454,5
1378,184,532,5
1379,85,183,3
1380,2943,920,4
1381,1721,230,5
1382,2006,716,2
1383,3451,208,2
1384,2378,906,2
1385,2048,55,5
1386,1661,792,1
1387,3609,424,2
1388,1971,313,2
1389,4408,432,4
1390,3505,399,4
1391,4015,700,2
1392,1662,657,4
1393,2088,688,4
1394,3562,32,2
1395,848,383,2
1396,1259,690,5
1397,3503,458,1
1398,1684,884,2
1399,463,593,2
1400,61,370,5
1401,2165,535,2
1402,1294,767,3
1403,2675,131,1
1404,3387,464,4
1405,3765,245,2
1406,2450,39,2
1407,1834,72,3
1408,3620,477,5
1409,671,623,2
1410,3289,670,5
1411,326,103,5
1412,2092,866,5
1413,2220,637,4
1414,1734,6,1
1415,3852,212,3
1416,2824,279,3
1417,821,108,3
1418,589,977,3
1419,1874,331,4
1420,3212,903,2
1421,3298,629,3
1422,2939,821,5
1423,4199,725,2
1424,1516,740,3
1425,2205,732,3
1426,1879,310,2
1427,3635,54,1
1428,3259,347,1
1429,500,692,4
1430,149,209,1
1431,3773,26,1
1432,1074,735,5
1433,402,392,1
1434,4196,338,3
1435,1239,272,5
1436,97,499,2
1437,1617,502,2
1438,2002,174,4
1439,311,843,1
1440,751,589,4
1441,40,544,1
1442,1282,813,1
1443,2790,158,5
1444,922,327,3
1445,2018,958,5
1446,236,570,1
1447,3574,264,3
1448,455,830,2
1449,1290,160,1
1450,1113,793,5
1451,3182,664,5
1452,1831,664,4
1453,448,877,5
1454,4137,109,2
1455,2568,396,2
1456,1236,901,2
1457,1105,547,3
1458,3128,947,4
1459,1944,675,5
1460,812,455,5
1461,2418,516,3
1462,1566,83,4
1463,2300,794,1
1464,3686,867,2
1465,710,56,2
1466,4360,173,2
1467,1862,264,4
1468,2220,907,4
1469,3475,331,5
1470,375,551,2
1471,2366,992,3
1472,1785,388,2
1473,1157,989,3
1474,3045,642,2
1475,1684,816,3
1476,2243,611,1
1477,556,569,5
1478,1624,937,1
1479,3012,468,3
1480,1347,788,2
1481,2886,385,2
1482,1444,290,4
1483,814,627,3
1484,1773,524,4
1485,3352,639,5
1486,2257,665,5
1487,4214,927,3
1488,2787,401,4
1489,2581,469,4
1490,2789,657,2
1491,1814,322,3
1492,2754,163,1
1493,3277,806,2
1494,1974,358,1
1495,4350,936,5
1496,3015,8,2
1497,3686,53,4
1498,3735,732,5
1499,900,744,3
1500,4413,347,1
1501,1103,334,5
1502,3209,451,3
1503,2343,734,3
1504,3089,264,1
1505,1663,348,1
1506,202,386,4
1507,4434,961,5
1508,507,192,4
1509,1475,303,1
1510,1088,618,1
1511,3788,978,5
1512,3680,870,1
1513,1187,945,2
1514,3921,571,4
1515,1773,283,1
1516,110,862,5
1517,2409,150,3
1518,4030,381,2
1519,3453,196,5
1520,2556,391,3
1521,1216,809,4
1522,3622,932,5
1523,1879,389,5
1524,1414,174,4
1525,1386,162,2
1526,3870,35,2
1527,2571,140,3
1528,4291,299,4
1529,4302,108,1
1530,97,891,5
1531,1983,946,1
1532,343,239,2
1533,2059,931,4
1534,3162,72,2
1535,2947,902,2
1536,3173,789,4
1537,4341,123,4
1538,1134,347,5
1539,4429,124,2
1540,371,856,5
1541,516,598,4
1542,1323,306,3
1543,1098,780,1
1544,3302,607,2
1545,2513,479,1
1546,867,732,5
1547,1482,175,3
1548,1464,297,5
1549,1381,404,2
1550,4407,2,4
1551,3480,312,3
1552,1977,312,3
1553,2070,895,2
1554,678,745,2
1555,8,823,3
1556,3164,247,3
1557,1664,87,4
1558,2832,233,3
1559,1862,937,5
1560,1403,239,5
1561,1596,115,4
1562,3245,100,1
1563,2926,602,4
1564,2462,174,2
1565,1229,421,3
1566,833,57,3
1567,2479,9,3
1568,1629,508,4
1569,3193,931,3
1570,3459,509,1
1571,1020,922,1
1572,3421,591,3
1573,1271,864,2
1574,3645,948,2
1575,2497,636,4
1576,622,870,5
1577,578,255,3
1578,1408,897,5
1579,698,104,1
1580,3873,353,5
1581,2547,641,3
1582,1994,492,2
1583,3131,276,4
1584,252,179,3
1585,4371,115,2
1586,4013,176,5
1587,1306,240,4
1588,887,901,2
1589,2132,901,1
1590,282,811,3
1591,102,383,1
1592,3400,443,5
1593,1105,779,4
1594,18,505,1
1595,2008,856,2
1596,913,318,4
1597,2972,412,3
1598,1590,144,3
1599,1134,44,2
1600,1297,321,3
1601,2529,943,1
1602,2750,412,3
1603,741,520,5
1604,2510,749,1
1605,2547,710,2
1606,3972,426,2
1607,3961,626,4
1608,3381,754,1
1609,1573,5,1
1610,2717,962,1
1611,1085,982,2
1612,4252,843,5
1613,383,79,5
1614,3858,350,3
1615,3018,440,4
1616,3343,470,5
1617,1867,218,5
1618,4387,322,5
1619,4101,403,4
1620,2524,102,1
1621,161,3,4
1622,2416,735,3
1623,3946,347,4
1624,230,174,5
1625,1761,121,5
1626,3369,896,5
1627,153,536,3
1628,3275,372,3
1629,2144,276,2
1630,2276,892,2
1631,3910,175,5
1632,2767,714,3
1633,2162,806,2
1634,4438,630,2
1635,1256,692,4
1636,3107,294,4
1637,1772,598,5
1638,2106,579,3
1639,1134,128,3
1640,693,884,5
1641,3917,32,1
1642,1438,419,3
1643,323,499,3
1644,3398,583,3
1645,539,722,5
1646,2048,163,2
1647,3138,579,2
1648,3114,599,2
1649,1326,874,5
1650,3519,787,1
1651,1815,269,5
1652,851,80,2
1653,2781,362,4
1654,3190,438,5
1655,2268,680,1
1656,3766,954,5
1657,61,132,3
1658,1104,416,3
1659,4410,719,1
1660,1803,635,4
1661,1934,11,1
1662,3413,622,3
1663,1112,256,5
1664,1735,149,3
1665,432,827,2
1666,2621,464,4
1667,2934,352,1
1668,1250,30,4
1669,2870,958,3
1670,3893,541,1
1671,2347,71,3
1672,2419,795,3
1673,396,39,5
1674,3516,821,1
1675,908,110,4
1676,3894,628,2
1677,1245,309,3
1678,3234,234,3
1679,2547,284,3
1680,1775,778,4
1681,3489,556,1
1682,2570,614,1
1683,3496,905,3
1684,2587,344,5
1685,3155,955,3
1686,2751,809,1
1687,2016,765,1
1688,1959,450,4
1689,2188,351,5
1690,2714,52,2
1691,3612,895,1
1692,304,899,3
1693,2959,194,3
1694,4182,127,5
1695,2678,681,2
1696,3804,651,5
1697,136,577,2
1698,1442,683,1
1699,159,149,1
1700,1965,763,3
1701,2820,181,4
1702,3360,878,3
1703,2245,745,3
1704,238,907,3
1705,1395,55,1
1706,479,688,5
1707,3868,753,5
1708,2029,330,4
1709,4065,726,3
1710,3733,2,4
1711,3776,137,1
1712,2041,673,5
1713,2134,86,3
1714,594,500,4
1715,4244,367,4
1716,906,949,2
1717,324,31,4
1718,3366,100,1
1719,4434,419,1
1720,4189,226,2
1721,151,314,2
1722,2173,346,3
1723,1616,130,3
1724,294,350,1
1725,62,471,4
1726,2341,857,2
1727,1298,216,4
1728,2871,56,3
1729,1692,268,5
1730,4245,160,1
1731,539,839,3
1732,161,502,2
1733,3904,747,1
1734,3202,236,4
1735,977,960,2
1736,4093,215,2
1737,4324,643,4
1738,3287,374,4
1739,2213,736,4
1740,1555,546,2
1741,4213,406,2
1742,1666,252,1
1743,3235,570,2
1744,2925,507,5
1745,2081,31,4
1746,1879,978,5
1747,1982,479,3
1748,2941,570,3
1749,2621,658,4
1750,1817,869,4
1751,1481,196,3
1752,1466,280,1
1753,1591,316,4
1754,230,49,2
1755,3984,966,3
1756,541,967,1
1757,924,600,1
1758,3948,58,2
1759,3886,267,4
1760,500,622,1
1761,1261,289,5
1762,1852,55,4
1763,3525,817,5
1764,4216,973,4
1765,3004,772,1
1766,3033,151,1
1767,668,601,3
1768,4314,211,1
1769,825,960,2
1770,861,645,4
1771,4481,247,4
1772,4201,808,5
1773,2299,389,4
1774,1890,606,2
1775,3454,218,3
1776,3589,186,2
1777,3151,606,5
1778,4067,776,2
1779,1899,925,5
1780,913,946,4
1781,61,396,3
1782,1685,496,1
1783,620,252,1
1784,40,954,4
1785,3145,46,1
1786,2799,463,5
1787,3960,297,5
1788,4386,323,4
1789,3489,391,3
1790,2785,545,4
1791,965,241,1
1792,327,737,4
1793,533,755,3
1794,2222,78,3
1795,2145,183,1
1796,1892,809,2
1797,4221,207,1
1798,1421,918,3
1799,4092,451,3
1800,986,767,4
1801,3329,49,4
1802,1169,388,1
1803,4217,378,4
1804,756,858,1
1805,1822,532,5
1806,3660,343,1
1807,3807,200,2
1808,1643,352,3
1809,2239,837,5
1810,2797,980,1
1811,1695,254,4
1812,2535,740,2
1813,933,264,3
1814,2743,89,3
1815,735,749,1
1816,864,268,2
1817,3238,949,1
1818,2178,257,3
1819,2249,737,5
1820,1090,816,4
1821,3173,845,2
1822,3656,958,1
1823,3077,426,2
1824,3483,381,3
1825,2927,461,5
1826,3630,96,5
1827,1500,778,1
1828,3670,204,5
1829,4032,790,5
1830,3857,598,2
1831,1293,708,5
1832,3309,147,4
1833,4115,45,2
1834,2891,382,2
1835,2781,969,2
1836,709,887,5
1837,1278,66,2
1838,276,587,2
1839,486,779,3
1840,1140,459,5
1841,1083,756,2
1842,267,226,2
1843,1032,119,1
1844,493,127,3
1845,598,101,3
1846,3685,834,1
1847,4319,340,4
1848,2056,212,3
1849,1600,503,3
1850,457,319,2
1851,3703,1,1
1852,731,332,5
1853,1014,151,2
1854,351,513,4
1855,2760,683,1
1856,299,327,5
1857,1373,516,2
1858,2266,141,5
1859,1915,424,5
1860,2929,246,4
1861,514,382,1
1862,3178,539,3
1863,2090,179,5
1864,2094,902,2
1865,3504,904,3
1866,1421,641,5
1867,506,821,4
1868,2266,700,2
1869,420,773,5
1870,1569,765,1
1871,2025,547,4
1872,2426,121,3
1873,1395,558,3
1874,1920,386,2
1875,2710,45,1
1876,29,788,5
1877,4205,596,2
1878,1603,303,3
1879,1205,112,1
1880,933,135,2
1881,3697,564,4
1882,47,282,1
1883,2966,75,3
1884,2212,6,3
1885,2766,253,1
1886,1422,207,1
1887,4116,52,2
1888,3504,176,2
1889,1958,252,5
1890,2841,122,4
1891,4301,855,1
1892,862,337,3
1893,119,184,1
1894,2894,598,4
1895,2377,760,5
1896,3734,863,4
1897,1524,565,3
1898,1310,979,3
1899,214,937,4
1900,333,412,5
1901,3160,69,5
1902,2377,680,1
1903,836,831,5
1904,1430,738,4
1905,2711,310,3
1906,826,667,1
1907,3652,58,4
1908,467,728,4
1909,1173,129,1
1910,132,274,5
1911,580,875,1
1912,3944,407,2
1913,3906,823,2
1914,4234,785,5
1915,436,197,5
1916,993,590,4
1917,799,585,5
1918,3663,110,2
1919,2534,810,1
1920,1528,177,4
1921,2958,947,4
1922,4173,466,4
1923,923,277,4
1924,2092,692,5
1925,206,579,4
1926,2947,828,5
1927,107,493,5
1928,3940,813,5
1929,66,230,1
1930,2468,854,4
1931,1186,48,2
1932,156,835,2
1933,2057,635,2
1934,4211,394,2
1935,640,552,5
1936,2599,277,2
1937,2418,269,3
1938,4311,55,2
1939,2105,133,4
1940,4250,782,1
1941,1867,166,4
1942,144,577,1
1943,3455,417,1
1944,1556,93,2
1945,785,901,3
1946,4166,621,2
1947,1036,825,3
1948,4111,300,3
1949,3679,744,1
1950,158,808,3
1951,1357,224,1
1952,4449,633,2
1953,1943,293,3
1954,4285,12,2
1955,1533,934,1
1956,4089,23,2
1957,4138,401,3
1958,3056,927,3
1959,4406,553,1
1960,3202,452,2
1961,3442,668,5
1962,4455,517,5
1963,1240,356,4
1964,1949,676,4
1965,1621,256,3
1966,89,694,3
1967,3705,902,2
1968,3144,320,2
1969,3980,455,5
1970,1686,984,1
1971,2713,607,4
1972,821,967,5
1973,4476,627,2
1974,3076,321,1
1975,2721,268,5
1976,2425,143,3
1977,4304,213,1
1978,1098,97,2
1979,1393,998,3
1980,203,66,1
1981,1242,373,2
1982,1800,973,2
1983,556,696,2
1984,1121,340,1
1985,3128,531,3
1986,2490,350,2
1987,3045,836,3
1988,2414,878,2
1989,2868,11,3
1990,2248,979,4
1991,707,217,4
1992,329,504,5
1993,3360,998,5
1994,1699,951,2
1995,3418,520,1
1996,954,5,4
1997,2648,221,1
1998,1434,739,5
1999,555,33,4
2000,2216,644,3
2001,568,95,2
2002,488,278,3
2003,928,336,4
2004,355,522,1
2005,3723,595,3
2006,2194,875,1
2007,4279,234,1
2008,2045,566,2
2009,4344,808,3
2010,2955,367,4
2011,341,580,5
2012,398,32,5
2013,230,418,3
2014,3855,958,1
2015,2467,180,5
2016,1445,337,1
2017,1413,571,4
2018,411,666,3
2019,2240,385,3
2020,3709,468,1
2021,259,460,4
2022,1698,90,4
2023,3138,466,3
2024,1521,196,3
2025,4045,715,4
2026,3242,186,4
2027,2190,581,5
2028,3302,826,1
2029,748,761,5
2030,700,54,2
2031,3110,22,2
2032,1269,291,2
2033,3266,771,1
2034,1793,348,2
2035,837,883,4
2036,2599,10,3
2037,540,911,1
2038,556,151,5
2039,3951,924,2
2040,4256,802,1
2041,1555,992,4
2042,2713,48,2
2043,2515,540,3
2044,2412,659,1
2045,4377,800,4
2046,1429,275,2
2047,779,144,2
2048,3587,372,3
2049,3534,993,2
2050,2839,608,2
2051,3636,743,1
2052,2452,336,3
2053,4268,721,2
2054,3940,611,4
2055,3552,240,2
2056,3558,253,2
2057,2420,635,1
2058,594,517,3
2059,3087,842,3
2060,3560,866,4
2061,3172,745,5
2062,2115,628,1
2063,685,562,1
2064,3887,821,4
2065,2438,740,3
2066,2480,674,4
2067,4415,939,3
2068,2476,721,1
2069,3838,630,1
2070,2553,30,2
2071,1775,436,2
2072,2535,636,2
2073,2729,697,4
2074,4405,698,4
2075,283,811,5
2076,1920,267,2
2077,594,162,4
2078,1274,437,4
2079,3490,491,5
2080,3506,890,2
2081,1194,317,5
2082,2969,615,2
2083,1772,998,3
2084,3116,496,3
2085,4327,418,5
2086,1884,47,4
2087,4032,164,3
2088,623,98,5
2089,3619,771,4
2090,4095,521,5
2091,2194,131,3
2092,2744,219,1
2093,898,278,2
2094,4166,325,5
2095,3074,700,3
2096,1784,7,4
2097,1393,438,2
2098,3332,45,5
2099,1508,49,2
2100,263,233,5
2101,3042,5,4
2102,3615,952,1
2103,499,892,5
2104,2944,770,1
2105,1756,777,4
2106,1060,347,5
2107,1538,654,1
2108,3270,185,3
2109,4005,381,4
2110,3437,856,2
2111,2835,236,3
2112,1292,222,4
2113,365,735,4
2114,50,589,5
2115,2923,870,5
2116,3374,368,4
2117,3409,23,3
2118,2991,748,2
2119,521,592,3
2120,2800,477,5
2121,645,609,5
2122,2674,459,1
2123,3045,221,4
2124,1937,414,2
2125,2074,330,4
2126,2040,226,4
2127,1283,585,2
2128,3827,917,1
2129,1371,908,3
2130,3969,157,4
2131,2235,851,2
2132,1496,773,5
2133,4015,475,3
2134,3618,717,2
2135,2334,688,1
2136,3518,544,5
2137,2670,921,4
2138,620,860,5
2139,37,584,4
2140,1461,237,1
2141,1203,28,1
2142,2005,1000,2
2143,4404,349,5
2144,2200,187,5
2145,3642,107,3
2146,51,890,1
2147,4384,626,5
2148,209,821,4
2149,2794,666,1
2150,1454,327,4
2151,549,952,1
2152,3405,617,4
2153,330,739,4
2154,2198,496,3
2155,1275,427,3
2156,784,188,1
2157,3895,257,5
2158,522,118,5
2159,2556,86,2
2160,600,963,2
2161,3155,663,3
2162,1987,595,3
2163,1008,804,3
2164,3847,760,1
2165,1234,78,4
2166,827,92,3
2167,3147,504,4
2168,3734,955,4
2169,3423,26,5
2170,2959,951,2
2171,2805,572,1
2172,1749,596,5
2173,2784,368,3
2174,1536,974,1
2175,1132,212,5
2176,3440,666,3
2177,3793,22,2
2178,2412,429,2
2179,3572,752,1
2180,716,904,3
2181,111,552,1
2182,3773,84,1
2183,4101,466,5
2184,2419,141,5
2185,371,368,5
2186,116,556,3
2187,2563,426,4
2188,2121,31,1
2189,1860,96,4
2190,3224,688,4
2191,1950,576,2
2192,1409,329,2
2193,1372,28,2
2194,3543,225,1
2195,4238,149,4
2196,4024,376,1
2197,3656,60,2
2198,2609,191,1
2199,2786,745,2
2200,2301,21,1
2201,2468,691,2
2202,137,434,5
2203,2333,120,1
2204,3184,513,3
2205,3522,199,1
2206,4132,158,5
2207,2638,292,1
2208,952,635,1
2209,3573,348,1
2210,3036,921,4
2211,3308,115,5
2212,2677,438,1
2213,282,401,2
2214,1890,291,1
2215,343,174,3
2216,1129,364,1
2217,2193,319,3
2218,1419,299,2
2219,1206,777,5
2220,2186,681,4
2221,156,45,1
2222,2079,416,1
2223,1953,124,2
2224,2015,132,5
2225,433,311,4
2226,251,699,3
2227,4470,688,4
2228,7,825,1
2229,2954,892,1
2230,3812,288,5
2231,3641,725,4
2232,2997,389,2
2233,631,408,5
2234,2783,207,2
2235,2783,628,1
2236,2462,848,3
2237,2650,258,2
2238,2999,699,4
2239,1821,695,3
2240,3514,347,5
2241,2819,286,3
2242,4066,760,2
2243,513,426,4
2244,4259,123,1
2245,2892,178,3
2246,4386,822,4
2247,863,780,1
2248,1985,545,5
2249,2662,171,3
2250,743,511,2
2251,3594,411,1
2252,4022,799,3
2253,2130,618,5
2254,2256,600,4
2255,2699,605,3
2256,3015,625,4
2257,4221,525,1
2258,2141,808,1
2259,2157,741,5
2260,708,624,4
2261,1291,126,1
2262,2980,829,2
2263,3706,570,1
2264,4199,748,4
2265,3403,222,4
2266,2883,827,4
2267,1016,168,4
2268,3878,862,2
2269,1383,557,5
2270,139,202,4
2271,2395,115,4
2272,2548,998,4
2273,2911,856,2
2274,2989,792,1
2275,1182,281,4
2276,960,585,1
2277,1393,123,1
2278,3697,735,4
2279,403,208,3
2280,3743,356,5
2281,177,520,1
2282,2192,367,3
2283,54,750,4
2284,97,444,5
2285,2128,989,2
2286,2738,264,3
2287,2018,563,4
2288,3957,124,2
2289,4136,63,5
2290,3726,762,1
2291,79,679,4
2292,3773,127,1
2293,3758,892,1
2294,98,36,1
2295,1870,625,3
2296,3274,979,5
2297,937,174,3
2298,174,750,4
2299,2071,846,5
2300,3769,53,3
2301,3326,176,3
2302,2897,399,1
2303,1597,157,2
2304,884,570,4
2305,2802,828,5
2306,3471,247,2
2307,1872,514,4
2308,681,825,2
2309,2969,589,2
2310,2358,41,3
2311,4428,212,5
2312,874,379,2
2313,1475,746,4
2314,2856,564,4
2315,1135,458,2
2316,3366,981,1
2317,3705,187,5
2318,492,38,1
2319,829,581,1
2320,1950,181,1
2321,3892,562,5
2322,3437,315,1
2323,1184,185,3
2324,1084,37,1
2325,2133,655,1
2326,1839,518,3
2327,436,172,3
2328,3076,938,1
2329,3974,86,1
2330,1134,451,1
2331,2913,222,2
2332,1057,276,3
2333,2673,225,2
2334,1841,393,4
2335,857,25,5
2336,3707,35,4
2337,1619,411,5
2338,3392,558,1
2339,2302,136,2
2340,1999,194,2
2341,3266,399,1
2342,4091,70,3
2343,3183,410,5
2344,3284,47,3
2345,40,456,4
2346,354,948,2
2347,3763,369,1
2348,2944,346,1
2349,748,741,5
2350,2650,478,4
2351,1820,112,4
2352,2690,319,3
2353,4425,878,5
2354,2902,531,1
2355,2067,854,5
2356,3550,889,3
2357,2874,556,1
2358,1119,912,5
2359,927,509,2
2360,1674,499,4
2361,4172,236,3
2362,1614,335,5
2363,3640,510,5
2364,3578,32,1
2365,2953,850,5
2366,4276,168,5
2367,4006,352,5
2368,3706,953,4
2369,1974,573,2
2370,605,598,3
2371,1992,665,1
2372,2890,465,1
2373,2391,415,5
2374,4317,398,1
2375,3516,68,5
2376,1497,484,2
2377,2162,119,2
2378,2900,383,5
2379,1191,894,2
2380,1204,620,3
2381,3772,132,5
2382,3716,232,3
2383,3979,893,2
2384,1267,200,1
2385,2713,796,2
2386,2,899,4
2387,949,455,1
2388,4410,756,4
2389,3787,924,5
2390,2675,106,2
2391,967,536,3
2392,3067,923,2
2393,2432,831,4
2394,1240,426,1
2395,837,750,4
2396,4077,697,4
2397,248,508,2
2398,4250,589,5
2399,4098,388,5
2400,1289,832,2
2401,2541,604,2
2402,275,414,1
2403,1756,153,5
2404,3120,289,1
2405,1119,391,5
2406,3982,401,5
2407,421,794,2
2408,1848,183,4
2409,3552,365,1
2410,945,758,1
2411,1756,904,2
2412,1721,599,5
2413,3442,211,2
2414,2947,689,5
2415,3722,6,4
2416,4211,972,5
2417,3460,592,1
2418,1799,613,5
2419,3010,922,1
2420,2743,991,1
2421,1374,473,4
2422,512,819,2
2423,2523,235,1
2424,3924,357,3
2425,3605,749,1
2426,1075,549,4
2427,2479,427,1
2428,2504,115,5
2429,2048,270,1
2430,1740,703,1
2431,2830,462,5
2432,2429,883,3
2433,1084,417,5
2434,2512,439,2
2435,3073,756,5
2436,284,352,1
2437,2430,620,1
2438,1914,208,1
2439,1728,906,1
2440,2715,541,1
2441,4394,444,5
2442,1235,814,2
2443,605,631,3
2444,2151,298,4
2445,2417,169,2
2446,781,280,1
2447,1451,38,1
2448,1697,129,2
2449,2854,668,3
2450,778,482,2
2451,516,344,5
2452,3390,586,2
2453,794,43,5
2454,1784,124,1
2455,2565,796,1
2456,698,844,4
2457,1187,451,4
2458,2961,930,1
2459,706,753,2
2460,2960,584,2
2461,3919,475,4
2462,4031,791,1
2463,3705,669,2
2464,1016,909,1
2465,2903,725,3
2466,2459,130,4
2467,2751,611,5
2468,465,826,5
2469,3297,805,2
2470,2287,567,2
2471,1876,582,4
2472,866,270,1
2473,2778,255,1
2474,1411,74,1
2475,3522,328,1
2476,2529,267,3
2477,2341,908,3
2478,2253,413,5
2479,288,456,1
2480,3418,876,4
2481,3287,49,4
2482,214,173,3
2483,2138,439,3
2484,1,333,4
2485,4016,548,4
2486,364,273,2
2487,4190,296,1
2488,2054,918,3
2489,4373,749,3
2490,4140,212,1
2491,1682,608,2
2492,750,476,3
2493,1266,708,5
2494,723,979,4
2495,910,664,2
2496,220,372,4
2497,4120,94,4
2498,1290,268,3
2499,4444,893,3
2500,1608,704,4
2501,166,717,3
2502,1229,245,4
2503,2478,594,3
2504,3520,844,2
2505,2244,578,2
2506,678,960,4
2507,1032,578,3
2508,379,367,3
2509,1656,199,5
2510,117,351,3
2511,4054,328,1
2512,2732,93,3
2513,4235,921,2
2514,1915,34,1
2515,4208,811,1
2516,544,159,3
2517,932,34,1
2518,772,335,1
2519,3852,151,3
2520,2272,298,4
2521,747,267,2
2522,3028,395,4
2523,4331,160,5
2524,2181,532,4
2525,3146,291,3
2526,3343,601,2
2527,1732,633,4
2528,1598,693,1
2529,1688,406,2
2530,403,118,3
2531,3577,746,5
2532,954,371,3
2533,1002,940,5
2534,3134,786,4
2535,3503,191,1
2536,3119,215,4
2537,1198,414,4
2538,3204,216,4
2539,4169,438,1
2540,3761,941,3
2541,2171,13,5
2542,2344,588,1
2543,3991,268,4
2544,3254,623,5
2545,572,136,5
2546,3297,616,1
2547,2206,677,1
2548,3487,21,3
2549,2774,622,2
2550,3075,629,2
2551,3587,819,4
2552,4251,602,5
2553,519,830,4
2554,3474,481,2
2555,749,697,1
2556,1445,286,2
2557,501,671,4
2558,4007,311,3
2559,2667,205,5
2560,1137,344,5
2561,872,849,5
2562,809,408,4
2563,1897,420,4
2564,4263,56,3
2565,4304,711,2
2566,66,496,1
2567,3215,166,4
2568,1966,831,3
2569,2002,158,3
2570,4121,998,5
2571,925,594,2
2572,3946,812,3
2573,214,254,5
2574,2250,190,5
2575,1814,313,3
2576,558,43,2
2577,4308,726,2
2578,2206,518,5
2579,3166,81,4
2580,1565,681,4
2581,3274,621,1
2582,39,42,4
2583,4380,416,1
2584,1687,730,3
2585,210,969,3
2586,3187,813,3
2587,4271,340,1
2588,3680,93,2
2589,2716,975,1
2590,1130,737,1
2591,3893,855,3
2592,1872,179,1
2593,282,252,2
2594,1857,842,1
2595,1503,563,3
2596,1482,638,1
2597,131,314,5
2598,1729,259,5
2599,1587,490,2
2600,4292,937,3
2601,3118,289,2
2602,3952,566,1
2603,3289,717,5
2604,266,422,4
2605,2418,905,5
2606,2186,285,2
2607,300,464,1
2608,1496,963,3
2609,3273,455,2
2610,335,102,2
2611,2564,741,5
2612,1003,343,2
2613,3395,214,3
2614,1520,37,2
2615,2907,525,4
2616,3843,241,2
2617,4335,335,3
2618,3010,745,5
2619,3131,930,5
2620,322,114,4
2621,1178,338,2
2622,449,710,5
2623,1601,276,3
2624,3383,141,2
2625,1741,561,4
2626,2834,960,1
2627,4376,232,1
2628,1123,140,2
2629,2324,167,5
2630,3437,231,4
2631,715,133,1
2632,2420,239,5
2633,2829,202,3
2634,1976,245,2
2635,1111,260,5
2636,32,685,2
2637,2492,845,2
2638,2215,930,1
2639,4077,835,3
2640,3484,661,5
2641,17,858,5
2642,592,108,4
2643,824,43,2
2644,3219,1,3
2645,432,789,1
2646,1620,871,3
2647,3514,451,3
2648,749,371,4
2649,532,818,3
2650,920,285,2
2651,4242,891,4
2652,3820,767,4
2653,2774,486,3
2654,4132,702,3
2655,1020,182,2
2656,1238,442,3
2657,1918,717,2
2658,850,369,2
2659,2211,190,3
2660,1126,729,5
2661,3768,562,3
2662,1222,424,4
2663,4436,82,2
2664,2091,630,1
2665,1279,603,5
2666,3377,959,1
2667,3667,758,5
2668,2080,93,2
2669,165,469,1
2670,4185,461,3
2671,1754,163,2
2672,2494,809,1
2673,4318,854,3
2674,118,210,5
2675,3929,344,1
2676,949,770,2
2677,1908,722,1
2678,4458,261,5
2679,3490,689,3
2680,4050,807,4
2681,3156,831,5
2682,408,240,2
2683,568,8,4
2684,2543,414,4
2685,4230,973,2
2686,547,680,2
2687,2540,89,2
2688,1370,691,4
2689,4082,606,5
2690,3756,344,1
2691,1854,151,4
2692,2439,544,4
2693,4499,483,5
2694,4376,570,4
2695,3040,185,4
2696,2868,248,4
2697,2478,757,1
2698,407,510,3
2699,633,170,4
2700,3607,346,2
2701,691,108,1
2702,118,50,1
2703,2171,625,2
2704,423,148,2
2705,3308,378,1
2706,2589,321,2
2707,1216,422,5
2708,921,282,3
2709,716,354,4
2710,94,99,5
2711,44,709,3
2712,2386,253,3
2713,1208,215,1
2714,2667,936,5
2715,1533,445,2
2716,1415,795,2
2717,3236,602,1
2718,3977,244,2
2719,1693,521,5
2720,636,480,3
2721,2492,10,3
2722,3177,807,5
2723,813,425,3
2724,1659,129,2
2725,4315,814,4
2726,3045,414,3
2727,3519,684,1
2728,2508,244,3
2729,1679,246,1
2730,2780,466,5
2731,3954,648,1
2732,1491,171,1
2733,2017,866,4
2734,40,96,1
2735,4114,411,5
2736,1591,39,4
2737,2994,413,1
2738,2200,753,5
2739,2766,353,2
2740,243,498,1
2741,1385,906,3
2742,2661,989,2
2743,1219,722,5
2744,3384,399,4
2745,1311,51,3
2746,3686,338,1
2747,3650,564,1
2748,4195,821,2
2749,4189,943,2
2750,810,311,1
2751,3821,970,4
2752,1871,37,4
2753,753,863,1
2754,3440,218,5
2755,752,921,3
2756,3802,667,1
2757,3804,926,5
2758,336,11,1
2759,1646,720,3
2760,610,763,2
2761,1356,91,3
2762,3223,268,1
2763,1420,855,1
2764,2234,887,4
2765,1008,514,2
2766,1320,90,5
2767,3924,91,2
2768,2635,94,1
2769,2626,99,5
2770,4384,965,3
2771,481,967,5
2772,991,94,3
2773,4233,295,4
2774,2242,106,2
2775,1381,641,4
2776,3481,455,3
2777,702,637,5
2778,3535,796,4
2779,3429,225,1
2780,1875,918,2
2781,2590,521,4
2782,1001,808,2
2783,1686,82,1
2784,4062,422,5
2785,1080,75,5
2786,3837,728,4
2787,882,476,3
2788,4047,387,5
2789,2407,789,5
2790,161,964,4
2791,2149,91,5
2792,4019,667,1
2793,2343,790,1
2794,2053,830,1
2795,3842,988,5
2796,128,83,4
2797,1831,998,3
2798,988,157,1
2799,2765,106,5
2800,876,31,5
2801,4253,63,5
2802,1876,998,4
2803,2950,196,1
2804,3857,695,3
2805,1744,974,2
2806,3453,858,2
2807,2235,577,2
2808,108,211,1
2809,4126,603,2
2810,1154,779,5
2811,1950,595,2
2812,3467,598,4
2813,4102,820,1
2814,2071,867,5
2815,3938,249,2
2816,3534,440,2
2817,4024,603,5
2818,3925,729,2
2819,2040,264,1
2820,1834,371,4
2821,4017,159,1
2822,677,72,5
2823,2892,576,3
2824,2053,316,5
2825,2624,288,5
2826,3557,239,4
2827,655,176,2
2828,126,710,4
2829,2863,451,5
2830,2248,165,4
2831,1875,827,3
2832,792,85,3
2833,1922,94,4
2834,759,361,2
2835,603,90,2
2836,3000,748,2
2837,2060,742,2
2838,830,975,2
2839,4397,207,1
2840,1243,746,1
2841,4285,852,1
2842,4267,757,5
2843,1749,664,3
2844,3124,666,3
2845,1753,356,2
2846,1273,98,2
2847,3286,479,2
2848,3495,393,3
2849,4465,922,4
2850,1322,962,4
2851,3098,199,2
2852,3527,991,1
2853,2725,85,1
2854,2426,453,4
2855,988,380,1
2856,63,902,2
2857,2180,258,4
2858,1119,35,1
2859,2129,143,3
2860,3805,91,4
2861,4282,966,5
2862,1816,126,2
2863,2620,112,3
2864,1943,122,4
2865,1253,452,5
2866,4246,721,5
2867,3400,863,1
2868,4008,963,4
2869,87,850,4
2870,1100,412,4
2871,291,907,5
2872,4440,294,3
2873,2593,947,2
2874,4057,887,4
2875,3463,586,2
2876,2067,285,2
2877,890,326,5
2878,2169,505,4
2879,3513,272,2
2880,1482,95,2
2881,92,383,1
2882,1984,258,4
2883,431,607,4
2884,980,566,2
2885,3194,84,2
2886,4361,692,5
2887,1614,641,2
2888,3488,492,4
2889,1932,456,1
2890,1505,623,2
2891,2712,847,1
2892,3087,211,1
2893,159,341,5
2894,696,946,4
2895,3848,712,5
2896,67,710,3
2897,170,316,1
2898,402,997,5
2899,3780,290,3
2900,283,837,1
2901,303,354,1
2902,826,852,1
2903,2036,851,4
2904,315,539,5
2905,4266,133,2
2906,2485,531,4
2907,3656,437,4
2908,1374,184,4
2909,2060,990,4
2910,1844,288,4
2911,2980,489,3
2912,2200,811,2
2913,4169,322,3
2914,3120,947,5
2915,3051,592,4
2916,351,97,2
2917,4410,715,4
2918,752,676,1
2919,4455,199,3
2920,792,697,5
2921,1543,272,4
2922,4149,414,5
2923,1553,420,2
2924,4346,953,4
2925,1248,578,3
2926,4181,927,1
2927,3897,5,5
2928,1965,64,5
2929,3638,461,5
2930,1070,805,1
2931,2723,751,3
2932,3308,689,2
2933,2286,865,3
2934,811,960,1
2935,4055,817,3
2936,4482,965,1
2937,453,76,2
2938,2194,824,5
2939,1080,668,5
2940,1600,707,3
2941,2294,363,4
2942,3387,763,2
2943,2040,770,5
2944,816,47,1
2945,4428,331,3
2946,1891,496,1
2947,1653,552,1
2948,2706,668,3
2949,3267,414,4
2950,3274,292,3
2951,3444,518,2
2952,3528,285,3
2953,772,751,5
2954,2263,990,2
2955,3912,688,5
2956,2911,130,2
2957,300,749,5
2958,1822,900,1
2959,2453,827,3
2960,4343,725,3
2961,3575,261,3
2962,1992,967,2
2963,233,716,1
2964,1507,986,2
2965,694,75,1
2966,3784,575,5
2967,774,119,2
2968,1070,674,1
2969,2985,130,3
2970,1045,63,2
2971,2124,196,4
2972,403,428,4
2973,3187,994,1
2974,2436,415,5
2975,4287,260,4
2976,4193,70,5
2977,739,939,3
2978,2662,434,5
2979,3749,854,1
2980,2021,924,1
2981,4383,834,1
2982,993,753,2
2983,773,701,4
2984,2841,243,4
2985,565,769,4
2986,2952,596,3
2987,3820,214,4
2988,3664,73,1
2989,1260,363,5
2990,289,343,1
2991,3297,245,2
2992,2040,548,3
2993,2032,73,2
2994,4349,537,3
2995,2170,626,3
2996,149,331,2
2997,3048,512,2
2998,476,969,2
2999,3970,17,2
3000,1014,519,4
3001,2675,514,4
3002,3869,264,5
3003,265,910,2
3004,2507,693,3
3005,3163,937,3
3006,2116,153,5
3007,1790,420,1
3008,2004,433,4
3009,579,81,2
3010,1075,137,3
3011,3887,76,3
3012,1760,699,2
3013,4131,785,5
3014,965,795,2
3015,3742,691,5
3016,1531,953,1
3017,4101,715,3
3018,2450,938,2
3019,1457,688,3
3020,2500,665,4
3021,2530,679,1
3022,2875,983,2
3023,2800,670,1
3024,2438,916,1
3025,4158,483,4
3026,4373,174,5
3027,517,673,5
3028,4321,92,2
3029,1465,705,2
3030,369,641,3
3031,2658,153,5
3032,3398,518,2
3033,236,779,1
3034,3110,826,5
3035,2645,345,2
3036,534,605,2
3037,1186,921,5
3038,428,966,2
3039,3577,249,3
3040,3438,634,5
3041,1237,185,2
3042,667,656,1
3043,3806,743,5
3044,2032,445,4
3045,2436,311,1
3046,218,643,4
3047,946,922,3
3048,4458,131,4
3049,2045,521,2
3050,3748,988,4
3051,1994,639,2
3052,3467,209,3
3053,3390,839,1
3054,1596,738,1
3055,1413,399,3
3056,4220,501,1
3057,1487,757,1
3058,4330,248,1
3059,3074,722,2
3060,350,506,1
3061,3044,545,1
3062,268,479,2
3063,2438,443,1
3064,3141,48,5
3065,4283,986,3
3066,1483,859,2
3067,3981,478,2
3068,3092,156,4
3069,4408,582,4
3070,139,318,3
3071,958,712,1
3072,2373,318,5
3073,4493,888,1
3074,976,406,5
3075,887,904,3
3076,1157,712,2
3077,667,847,3
3078,2136,572,5
3079,2452,434,5
3080,1578,775,2
3081,272,508,4
3082,3967,343,1
3083,3515,450,1
3084,2110,272,3
3085,4338,654,3
3086,4357,388,3
3087,425,459,1
3088,2381,495,1
3089,1675,772,5
3090,1578,570,3
3091,3751,722,2
3092,2578,885,1
3093,3868,877,4
3094,3187,617,3
3095,4077,187,4
3096,3610,224,2
3097,2833,382,3
3098,534,304,3
3099,1619,571,5
3100,134,685,1
3101,3267,94,3
3102,1354,572,2
3103,1528,899,2
3104,215,510,1
3105,2712,344,1
3106,2663,435,2
3107,63,435,5
3108,1014,669,2
3109,4072,2,4
3110,356,299,3
3111,3631,862,4
3112,3112,285,3
3113,3355,412,2
3114,487,974,2
3115,1555,648,2
3116,75,290,4
3117,981,859,2
3118,1788,465,3
3119,3329,658,3
3120,2880,174,2
3121,843,336,3
3122,3928,573,4
3123,1830,951,2
3124,2935,50,2
3125,629,606,5
3126,1551,886,3
3127,1816,296,2
3128,45,539,3
3129,916,284,4
3130,4388,714,1
3131,2889,452,4
3132,299,612,2
3133,1262,504,3
3134,4396,797,3
3135,4252,7,2
3136,3599,858,4
3137,1142,524,4
3138,512,37,3
3139,3589,985,1
3140,544,152,5
3141,1558,786,3
3142,726,158,4
3143,3174,282,4
3144,2508,271,4
3145,1603,123,5
3146,2147,295,2
3147,4486,193,4
3148,525,871,2
3149,2593,214,1
3150,4439,45,3
3151,2540,45,2
3152,4132,618,5
3153,2569,585,2
3154,2211,470,2
3155,2880,633,2
3156,2635,80,4
3157,2598,996,3
3158,3987,22,5
3159,939,632,2
3160,2622,376,3
3161,2529,773,1
3162,3567,784,3
3163,3104,434,4
3164,153,644,1
3165,4296,933,5
3166,4262,303,2
3167,456,811,4
3168,1469,881,1
3169,2979,363,5
3170,2140,457,4
3171,2532,649,1
3172,4128,712,3
3173,3827,117,2
3174,3443,554,1
3175,4465,389,4
3176,1997,267,1
3177,3134,410,3
3178,1969,192,4
3179,1098,339,3
3180,559,730,2
3181,1785,73,2
3182,4463,321,4
3183,4361,282,5
3184,1401,26,3
3185,3099,914,2
3186,1052,634,3
3187,3937,936,5
3188,2095,835,3
3189,4104,822,5
3190,525,946,4
3191,926,531,4
3192,569,50,1
3193,3572,149,5
3194,23,913,2
3195,3361,608,5
3196,3645,650,5
3197,1984,538,1
3198,2127,675,5
3199,1581,504,3
3200,2499,960,4
3201,1354,707,5
3202,168,385,2
3203,2525,784,3
3204,1111,110,5
3205,2161,192,3
3206,2985,896,5
3207,1793,108,5
3208,2187,247,3
3209,1005,1,3
3210,3902,563,5
3211,1167,49,1
3212,1863,370,2
3213,3863,21,2
3214,3294,685,2
3215,2623,746,2
3216,2724,143,2
3217,2799,38,2
3218,3636,553,2
3219,1795,637,5
3220,2701,776,2
3221,3598,262,5
3222,4366,10,2
3223,2204,501,1
3224,4073,650,5
3225,3860,2,1
3226,2550,548,5
3227,2859,474,3
3228,1236,367,5
3229,2167,900,2
3230,1062,139,1
3231,3171,259,4
3232,3415,442,2
3233,3666,507,4
3234,4447,512,2
3235,1331,25,2
3236,32,820,5
3237,3746,468,2
3238,14,190,3
3239,2919,989,2
3240,960,170,4
3241,254,227,1
3242,3642,376,5
3243,4006,752,2
3244,2830,335,4
3245,803,673,5
3246,2198,741,5
3247,1896,165,5
3248,2166,164,1
3249,3903,169,5
3250,520,415,4
3251,2588,482,5
3252,2629,316,2
3253,3343,178,3
3254,3527,850,2
3255,2904,899,5
3256,1182,230,1
3257,3837,103,5
3258,2375,655,5
3259,2517,265,3
3260,473,310,2
3261,662,963,3
3262,3886,555,1
3263,3865,222,2
3264,3029,85,2
3265,823,188,4
3266,3673,27,5
3267,816,48,3
3268,863,603,4
3269,3145,482,4
3270,1038,169,2
3271,2143,223,1
3272,1947,550,4
3273,1748,357,5
3274,2317,173,2
3275,850,309,2
3276,3774,475,4
3277,797,530,4
3278,1807,720,3
3279,2617,65,2
3280,3665,396,5
3281,3389,496,3
3282,3722,561,3
3283,1600,974,3
3284,315,113,1
3285,799,241,5
3286,60,386,2
3287,194,763,5
3288,586,109,2
3289,1029,395,4
3290,4481,56,5
3291,3120,878,4
3292,743,398,4
3293,206,812,3
3294,85,416,4
3295,3776,402,4
3296,3015,307,4
3297,3306,912,3
3298,4104,369,4
3299,3271,710,3
3300,1373,82,5
3301,1086,4,3
3302,147,255,4
3303,3352,122,1
3304,925,880,2
3305,981,967,5
3306,2628,558,2
3307,3337,777,2
3308,3553,145,3
3309,2399,39,4
3310,3337,567,3
3311,3352,12,2
3312,2037,916,5
3313,4290,361,4
3314,3643,664,1
3315,4212,360,3
3316,3841,168,2
3317,991,858,3
3318,1150,608,5
3319,2354,843,1
3320,3076,640,4
3321,2002,334,4
3322,2708,307,2
3323,2886,817,2
3324,3046,438,1
3325,1469,75,5
3326,228,306,2
3327,3348,823,1
3328,2114,247,3
3329,4468,917,2
3330,2377,263,5
3331,2395,133,2
3332,2217,247,3
3333,4168,191,5
3334,1125,340,1
3335,1370,769,5
3336,478,95,5
3337,4222,797,4
3338,2125,409,2
3339,362,102,2
3340,1440,51,5
3341,2213,707,5
3342,4492,45,4
3343,2644,760,2
3344,2539,566,1
3345,3726,5,2
3346,2747,106,1
3347,230,845,1
3348,3301,43,4
3349,1673,417,2
3350,2847,121,5
3351,1950,826,4
3352,2982,688,5
3353,4388,349,5
3354,1882,56,2
3355,81,560,3
3356,3486,35,4
3357,3549,616,4
3358,2091,290,3
3359,2831,183,5
3360,1279,856,5
3361,5,626,5
3362,198,35,4
3363,794,527,3
3364,1299,80,4
3365,999,271,1
3366,3948,545,1
3367,4192,700,3
3368,3975,111,1
3369,2609,538,4
3370,2294,974,2
3371,2426,875,1
3372,843,147,3
3373,223,835,5
3374,3301,405,4
3375,2513,453,5
3376,3343,20,5
3377,1677,662,3
3378,2747,24,2
3379,1001,384,3
3380,3672,112,3
3381,537,875,4
3382,4090,206,1
3383,2496,467,4
3384,1,523,4
3385,363,393,2
3386,3733,322,1
3387,2305,21,1
3388,2545,336,3
3389,2719,944,3
3390,2034,992,2
3391,1182,1000,4
3392,338,2,4
3393,225,623,5
3394,792,586,1
3395,1456,114,2
3396,3589,612,3
3397,2510,196,5
3398,4047,175,4
3399,4265,901,5
3400,4012,173,2
3401,1479,439,4
3402,534,615,2
3403,4083,249,4
3404,790,327,3
3405,3373,928,4
3406,1935,796,3
3407,4255,823,2
3408,3176,542,4
3409,1274,315,4
3410,169,832,1
3411,2252,604,4
3412,2292,193,5
3413,2564,705,2
3414,2793,998,2
3415,3630,578,2
3416,3532,215,2
3417,1218,341,4
3418,2439,844,2
3419,550,684,3
3420,4286,212,5
3421,2520,166,2
3422,3793,818,3
3423,277,994,3
3424,2178,18,4
3425,3683,224,5
3426,616,815,4
3427,507,675,4
3428,2210,958,3
3429,758,617,1
3430,1934,978,4
3431,84,448,3
3432,1227,151,2
3433,4396,50,5
3434,2997,192,3
3435,1985,321,1
3436,24,453,1
3437,870,253,1
3438,3986,400,5
3439,4285,525,2
3440,281,867,4
3441,3680,882,4
3442,1665,168,5
3443,1679,754,1
3444,2897,191,2
3445,4166,872,3
3446,2441,866,4
3447,3788,151,2
3448,696,191,4
3449,2423,348,4
3450,102,292,5
3451,4294,114,3
3452,1700,561,3
3453,2047,90,4
3454,3333,404,2
3455,3283,487,5
3456,1741,57,2
3457,1082,215,2
3458,1081,749,3
3459,4192,959,3
3460,309,827,4
3461,3859,493,3
3462,3013,369,1
3463,1864,919,4
3464,4241,813,3
3465,4416,866,3
3466,1645,263,1
3467,2891,28,5
3468,2537,805,2
3469,3026,486,4
3470,3571,213,1
3471,2480,633,1
3472,2049,605,1
3473,496,676,4
3474,313,402,3
3475,4444,711,3
3476,2363,31,5
3477,3962,280,2
3478,2263,503,2
3479,2042,476,2
3480,3467,31,1
3481,1484,247,1
3482,2773,703,5
3483,4359,104,5
3484,1029,141,4
3485,1597,772,1
3486,1817,689,2
3487,868,890,2
3488,3286,399,1
3489,1486,953,3
3490,3476,740,3
3491,70,568,1
3492,248,716,5
3493,3994,273,1
3494,2228,15,1
3495,2568,280,2
3496,1723,965,1
3497,1492,864,4
3498,1395,616,1
3499,1501,422,5
3500,4203,414,2
3501,3190,184,5
3502,343,729,2
3503,2095,821,3
3504,1694,310,3
3505,4312,720,5
3506,2696,656,4
3507,1247,271,2
3508,2150,157,2
3509,452,992,5
3510,1987,119,3
3511,3418,927,2
3512,365,581,1
3513,671,726,2
3514,1128,106,1
3515,768,254,1
3516,4033,698,3
3517,1967,713,5
3518,2385,550,5
3519,2223,140,2
3520,3970,140,1
3521,114,615,4
3522,3173,594,2
3523,2221,707,5
3524,3681,962,3
3525,1670,455,1
3526,1905,258,1
3527,2240,891,1
3528,100,69,3
3529,3708,802,1
3530,834,815,2
3531,1919,352,5
3532,4085,308,1
3533,4414,793,1
3534,1858,377,2
3535,814,618,5
3536,2068,404,2
3537,2895,165,2
3538,4052,559,3
3539,2380,711,5
3540,3460,877,3
3541,3137,784,4
3542,3312,341,4
3543,2439,460,3
3544,3180,217,1
3545,3169,647,3
3546,704,137,3
3547,1536,690,4
3548,2843,838,1
3549,1519,978,4
3550,4004,533,5
3551,2924,586,2
3552,258,506,2
3553,1170,119,2
3554,3454,212,2
3555,208,952,4
3556,1411,714,5
3557,781,846,4
3558,3606,53,2
3559,3656,792,5
3560,1605,568,3
3561,1090,531,2
3562,3367,883,4
3563,2325,914,5
3564,804,471,4
3565,2764,821,5
3566,673,749,5
3567,3734,191,3
3568,4191,928,5
3569,754,642,3
3570,1513,377,3
3571,479,60,1
3572,651,303,4
3573,1001,627,1
3574,1836,685,5
3575,613,918,4
3576,2685,1,1
3577,3867,664,4
3578,85,959,5
3579,4017,879,1
3580,1813,512,1
3581,39,680,3
3582,1975,534,5
3583,1917,83,4
3584,2897,541,2
3585,202,786,1
3586,3505,949,4
3587,2377,452,5
3588,2783,768,1
3589,3839,883,3
3590,4435,438,3
3591,1493,955,3
3592,334,849,1
3593,3086,998,3
3594,1309,809,4
3595,2279,993,5
3596,2646,187,5
3597,983,818,2
3598,831,999,4
3599,305,721,5
3600,1823,997,2
3601,1550,818,4
3602,2765,821,3
3603,3145,689,1
3604,1918,628,4
3605,2257,95,1
3606,728,226,4
3607,426,630,2
3608,3927,129,2
3609,1748,632,2
3610,2860,930,4
3611,2602,747,3
3612,4294,442,1
3613,2060,820,1
3614,1454,691,1
3615,2604,512,3
3616,299,897,5
3617,3290,473,5
3618,1241,187,1
3619,3502,798,4
3620,1168,499,1
3621,2564,313,2
3622,1753,195,5
3623,3134,622,2
3624,2040,583,4
3625,548,131,3
3626,1335,870,3
3627,943,82,5
3628,2411,786,2
3629,4395,191,3
3630,1140,552,5
3631,4136,139,4
3632,3802,437,4
3633,2624,762,2
3634,607,358,5
3635,3118,359,3
3636,2965,413,2
3637,224,527,5
3638,1588,357,5
3639,2208,159,1
3640,967,394,2
3641,3004,328,1
3642,1571,189,3
3643,1190,347,3
3644,129,549,2
3645,1512,138,2
3646,3549,398,3
3647,3075,370,3
3648,3656,190,4
3649,1294,998,1
3650,1582,888,2
3651,2035,442,2
3652,3583,261,4
3653,2727,353,2
3654,3639,870,1
3655,2572,66,3
3656,2770,386,3
3657,2297,399,5
3658,2914,922,2
3659,2924,121,5
3660,4274,902,5
3661,2378,809,2
3662,857,397,2
3663,4282,365,1
3664,4253,615,2
3665,2609,314,3
3666,1153,486,4
3667,1432,570,2
3668,3124,877,1
3669,2281,101,2
3670,3008,124,5
3671,2653,691,4
3672,2595,916,1
3673,325,944,4
3674,4447,995,4
3675,3432,728,4
3676,3612,131,3
3677,2646,516,3
3678,3269,761,2
3679,1509,347,1
3680,3884,725,4
3681,3541,15,5
3682,3483,141,5
3683,1692,836,5
3684,3502,637,2
3685,1071,142,5
3686,1103,850,5
3687,788,779,4
3688,1070,911,3
3689,3506,24,4
3690,460,447,3
3691,2680,271,4
3692,3262,129,1
3693,3644,701,2
3694,1601,116,5
3695,1698,389,3
3696,1856,77,3
3697,3705,726,5
3698,3811,148,2
3699,1983,50,4
3700,3016,176,2
3701,1645,227,5
3702,1616,547,3
3703,1362,360,5
3704,2317,372,5
3705,2328,942,1
3706,1881,263,2
3707,1970,574,4
3708,1231,255,3
3709,4343,631,1
3710,3859,667,1
3711,3810,205,2
3712,998,272,3
3713,1798,332,1
3714,1451,205,4
3715,2335,643,1
3716,1704,573,1
3717,235,379,5
3718,475,762,1
3719,3551,796,3
3720,2240,52,2
3721,3249,387,1
3722,246,841,2
3723,432,22,2
3724,521,24,2
3725,2420,564,5
3726,2867,306,3
3727,1850,307,4
3728,3571,286,5
3729,4251,569,2
3730,1568,301,4
3731,612,314,1
3732,2431,520,5
3733,2956,720,2
3734,2192,851,3
3735,1997,309,3
3736,3983,225,5
3737,26,509,4
3738,952,884,3
3739,3618,567,2
3740,1764,366,2
3741,2459,126,5
3742,262,126,3
3743,2500,921,5
3744,4484,633,2
3745,1394,277,3
3746,1693,45,4
3747,624,360,5
3748,1786,479,1
3749,529,342,5
3750,393,200,5
3751,2382,312,1
3752,1180,127,5
3753,3755,558,3
3754,61,631,2
3755,1170,820,4
3756,518,338,3
3757,4309,120,3
3758,3568,548,4
3759,1330,20,4
3760,870,835,3
3761,3126,949,2
3762,2751,131,4
3763,1413,7,3
3764,4125,134,1
3765,614,152,5
3766,2186,107,3
3767,4336,195,5
3768,281,71,4
3769,2873,458,2
3770,4444,721,3
3771,4124,200,5
3772,1949,412,1
3773,3364,510,1
3774,1536,507,4
3775,4154,248,3
3776,3398,93,3
3777,3577,171,1
3778,4425,418,3
3779,1409,616,1
3780,691,262,2
3781,493,556,3
3782,90,505,1
3783,718,35,4
3784,1935,770,1
3785,3606,113,2
3786,4158,828,3
3787,3080,845,2
3788,2161,722,4
3789,2087,99,1
3790,2885,166,2
3791,4143,734,3
3792,2149,711,5
3793,2204,941,1
3794,3051,810,5
3795,2222,46,4
3796,311,591,3
3797,312,334,5
3798,43,929,3
3799,762,100,4
3800,1713,3,1
3801,149,519,4
3802,386,34,3
3803,2556,870,5
3804,2511,608,4
3805,341,453,4
3806,1238,673,5
3807,4410,959,5
3808,4462,369,1
3809,4205,360,1
3810,2407,549,5
3811,3013,956,5
3812,1419,792,4
3813,3802,152,4
3814,4063,592,1
3815,1805,778,2
3816,282,620,2
3817,4072,948,1
3818,490,472,2
3819,1925,132,2
3820,3454,134,2
3821,3329,862,1
3822,1931,969,1
3823,4004,463,3
3824,2710,3,5
3825,1435,656,3
3826,936,903,3
3827,110,147,1
3828,645,350,1
3829,3372,691,1
3830,460,203,4
3831,3038,91,4
3832,2524,615,3
3833,3190,46,4
3834,1575,472,1
3835,2683,778,2
3836,559,410,3
3837,701,84,2
3838,3153,911,5
3839,2658,16,2
3840,3625,253,2
3841,1039,148,2
3842,2431,407,1
3843,565,487,4
3844,2904,516,1
3845,835,54,2
3846,2260,76,2
3847,3711,45,2
3848,1966,652,4
3849,1042,869,3
3850,4415,203,2
3851,2579,872,2
3852,558,982,1
3853,3602,502,2
3854,3565,478,5
3855,1805,776,5
3856,2218,876,3
3857,3931,161,1
3858,4483,630,2
3859,2660,231,5
3860,918,605,2
3861,4420,352,1
3862,260,976,4
3863,4480,801,4
3864,2437,713,2
3865,1839,569,3
3866,3637,441,2
3867,263,797,1
3868,2055,235,4
3869,1732,214,1
3870,2234,556,5
3871,2301,412,3
3872,2782,613,1
3873,2539,70,5
3874,2524,823,5
3875,1945,33,3
3876,1737,843,1
3877,1572,582,5
3878,1115,442,2
3879,2720,161,2
3880,3847,418,4
3881,2450,439,4
3882,284,59,2
3883,2444,76,1
3884,647,83,2
3885,1573,439,1
3886,1330,123,3
3887,468,910,2
3888,1123,249,4
3889,2886,559,1
3890,3002,563,2
3891,2607,271,5
3892,1075,722,4
3893,3697,819,2
3894,749,407,2
3895,2949,406,4
3896,93,255,2
3897,1087,488,4
3898,4141,192,1
3899,3242,519,3
3900,1031,95,5
3901,649,280,5
3902,1967,131,3
3903,692,955,5
3904,3055,224,2
3905,1335,873,4
3906,941,430,4
3907,682,817,5
3908,1891,382,3
3909,2593,641,4
3910,1069,470,4
3911,2032,994,1
3912,3804,298,3
3913,3058,316,1
3914,884,709,3
3915,2933,6,2
3916,3643,342,3
3917,3632,295,4
3918,288,302,3
3919,1377,238,1
3920,3988,761,5
3921,3358,238,1
3922,940,574,4
3923,2096,316,2
3924,1778,305,4
3925,4001,64,4
3926,3840,604,2
3927,3017,479,3
3928,2405,332,5
3929,184,606,2
3930,3551,876,5
3931,650,333,3
3932,4041,263,3
3933,1345,99,4
3934,153,61,5
3935,901,415,4
3936,2144,445,5
3937,838,360,4
3938,1463,567,1
3939,507,366,3
3940,3865,263,1
3941,1426,156,1
3942,3009,295,2
3943,484,506,5
3944,2304,510,5
3945,3411,891,3
3946,4034,89,5
3947,769,895,1
3948,1401,106,4
3949,103,871,3
3950,3508,151,2
3951,3005,195,3
3952,2118,75,1
3953,3989,223,1
3954,1702,773,2
3955,3756,816,3
3956,3335,230,1
3957,346,601,2
3958,285,468,1
3959,2216,117,2
3960,814,461,5
3961,767,205,1
3962,2789,210,3
3963,2208,147,5
3964,2388,320,5
3965,1081,205,1
3966,4040,88,4
3967,4008,457,2
3968,2514,27,1
3969,1351,393,3
3970,2127,886,5
3971,918,139,2
3972,2515,316,3
3973,517,220,4
3974,268,320,2
3975,3431,154,3
3976,815,485,5
3977,3326,394,1
3978,2911,821,5
3979,927,244,5
3980,2328,969,2
3981,2267,696,5
3982,4,648,5
3983,1326,997,4
3984,1682,907,3
3985,623,346,1
3986,4211,349,4
3987,4268,146,5
3988,2762,209,3
3989,477,794,3
3990,145,247,5
3991,1446,808,5
3992,1178,892,1
3993,1114,326,5
3994,3278,382,4
3995,1139,646,2
3996,3883,847,4
3997,3176,681,2
3998,1771,116,5
3999,36,518,2
4000,3825,227,2
4001,1672,306,3
4002,3698,431,1
4003,1793,620,1
4004,4004,507,1
4005,1597,562,1
4006,2909,750,5
4007,2489,393,1
4008,1216,473,2
4009,3004,145,2
4010,3999,997,5
4011,3027,410,5
4012,4406,632,3
4013,710,358,2
4014,4242,307,2
4015,3900,594,4
4016,1189,785,2
4017,4236,573,1
4018,4436,441,2
4019,1685,512,2
4020,1082,32,1
4021,3861,209,4
4022,3792,50,1
4023,722,437,5
4024,1038,260,1
4025,3948,963,5
4026,2989,490,1
4027,3739,38,4
4028,1107,924,1
4029,933,912,3
4030,851,595,4
4031,1787,662,1
4032,2249,885,5
4033,3098,241,1
4034,4368,555,3
4035,42,322,2
4036,758,689,2
4037,415,269,2
4038,4180,794,4
4039,669,913,3
4040,3241,224,1
4041,4086,700,3
4042,1648,473,3
4043,390,262,4
4044,617,430,3
4045,1492,825,3
4046,513,203,3
4047,3373,375,3
4048,2599,748,5
4049,3750,916,2
4050,358,614,2
4051,1339,280,3
4052,1897,164,2
4053,3208,408,4
4054,1832,392,2
4055,1893,52,1
4056,951,120,1
4057,3667,59,3
4058,967,222,4
4059,465,397,1
4060,2974,444,5
4061,3242,892,4
4062,2728,73,3
4063,1332,820,3
4064,671,139,5
4065,2895,746,2
4066,3532,127,5
4067,4283,766,4
4068,817,948,4
4069,1984,70,1
4070,2943,997,4
4071,1100,643,2
4072,3824,5,5
4073,3537,785,1
4074,162,190,5
4075,1556,802,3
4076,3447,710,4
4077,3002,389,5
4078,1304,654,5
4079,4383,345,1
4080,1424,579,2
4081,1283,57,1
4082,1474,808,3
4083,1633,970,1
4084,1163,548,3
4085,4283,707,2
4086,1172,852,3
4087,3956,518,1
4088,1154,276,4
4089,3911,453,4
4090,3678,220,1
4091,3963,214,4
4092,1365,121,1
4093,714,256,4
4094,742,630,3
4095,3387,526,3
4096,2372,356,2
4097,426,678,1
4098,4442,974,4
4099,3168,561,1
4100,1145,361,1
4101,4039,293,3
4102,2926,713,2
4103,461,890,3
4104,3668,102,4
4105,1512,196,1
4106,703,918,5
4107,3426,898,4
4108,3719,598,3
4109,522,596,3
4110,4128,441,3
4111,3546,398,5
4112,2751,527,4
4113,54,223,5
4114,3073,57,4
4115,673,140,3
4116,874,903,4
4117,2360,983,1
4118,2565,755,5
4119,1537,833,5
4120,3586,972,4
4121,2257,825,3
4122,3735,803,1
4123,3695,310,1
4124,3021,842,3
4125,1887,590,3
4126,342,837,2
4127,3855,145,2
4128,3818,167,3
4129,1953,68,1
4130,2221,5,5
4131,1654,868,5
4132,4370,945,4
4133,1327,856,2
4134,3551,565,4
4135,72,683,2
4136,1618,672,3
4137,2719,41,3
4138,1749,76,3
4139,865,234,4
4140,4118,845,3
4141,989,118,5
4142,1887,558,3
4143,3766,633,2
4144,960,916,1
4145,2567,271,3
4146,3772,115,2
4147,1017,463,2
4148,3400,443,5
4149,1334,582,3
4150,231,669,3
4151,4489,556,2
4152,362,724,3
4153,3186,925,4
4154,1816,42,1
4155,1892,472,1
4156,1465,541,5
4157,1319,696,1
4158,1424,453,1
4159,420,467,4
4160,3700,551,2
4161,2035,131,1
4162,1175,393,4
4163,98,834,1
4164,194,122,2
4165,748,379,4
4166,2473,449,3
4167,1721,339,3
4168,1762,848,3
4169,2286,802,4
4170,4050,513,2
4171,852,762,1
4172,2458,881,4
4173,348,675,4
4174,3630,938,4
4175,1990,143,2
4176,839,122,1
4177,2084,951,4
4178,2609,519,1
4179,671,190,1
4180,2867,104,5
4181,2305,265,3
4182,3395,856,3
4183,1723,87,3
4184,2274,691,1
4185,1181,789,4
4186,1641,892,2
4187,3529,442,5
4188,2988,704,1
4189,1603,245,3
4190,2370,787,3
4191,2438,7,1
4192,833,318,1
4193,3004,137,1
4194,3105,182,3
4195,1159,569,4
4196,1103,451,4
4197,4439,951,4
4198,2367,985,5
4199,2472,678,1
4200,3920,759,1
4201,4023,76,2
4202,1113,130,3
4203,1227,457,4
4204,193,456,2
4205,3495,506,1
4206,1740,469,2
4207,802,214,2
4208,3971,364,4
4209,4202,859,2
4210,4062,294,4
4211,468,406,4
4212,3679,438,1
4213,3747,837,5
4214,932,562,4
4215,4209,665,2
4216,2641,622,2
4217,332,65,3
4218,2581,217,3
4219,2551,755,3
4220,1405,50,1
4221,1013,248,4
4222,2118,224,4
4223,1893,826,1
4224,948,569,3
4225,1317,789,3
4226,1118,152,5
4227,3052,14,2
4228,4181,895,5
4229,4011,866,5
4230,2990,983,3
4231,2748,993,3
4232,303,696,3
4233,3993,794,3
4234,1543,866,5
4235,3499,80,2
4236,3374,211,2
4237,3315,298,3
4238,4181,746,2
4239,3360,180,1
4240,3965,978,5
4241,3215,774,2
4242,1557,229,4
4243,2408,325,5
4244,3695,80,1
4245,2548,94,2
4246,1119,94,3
4247,3728,186,2
4248,4266,201,1
4249,1839,394,3
4250,3867,258,4
4251,1087,920,3
4252,3442,245,1
4253,3030,513,2
4254,3387,212,1
4255,1748,279,5
4256,1193,57,3
4257,1560,828,4
4258,1254,944,1
4259,2277,497,2
4260,2965,548,5
4261,4174,223,2
4262,360,617,1
4263,1375,718,2
4264,1451,69,5
4265,4205,673,4
4266,693,922,5
4267,2347,895,3
4268,2576,23,1
4269,957,89,2
4270,3820,210,2
4271,1554,7,5
4272,3984,911,5
4273,770,992,3
4274,2216,933,5
4275,3514,958,2
4276,1418,897,3
4277,62,885,4
4278,98,912,5
4279,2124,611,2
4280,3307,128,5
4281,2151,916,3
4282,2615,192,1
4283,3730,467,2
4284,1707,221,4
4285,3950,412,2
4286,523,901,2
4287,641,691,5
4288,4197,860,5
4289,1679,706,2
4290,1081,188,5
4291,3020,207,5
4292,30,521,4
4293,4064,125,2
4294,121,380,5
4295,1925,217,1
4296,1152,604,5
4297,3726,941,4
4298,359,561,4
4299,2995,364,1
4300,793,302,3
4301,196,185,4
4302,2718,160,2
4303,3559,532,3
4304,4414,884,3
4305,169,794,4
4306,2542,572,2
4307,859,543,5
4308,1288,342,5
4309,1620,933,4
4310,1681,820,1
4311,4279,959,4
4312,2928,764,2
4313,728,799,2
4314,1178,595,2
4315,1009,187,2
4316,2925,776,1
4317,3330,830,4
4318,493,861,4
4319,149,172,1
4320,3651,608,2
4321,2178,335,4
4322,2027,764,4
4323,1456,246,1
4324,4275,782,3
4325,1050,561,4
4326,2461,147,1
4327,1115,97,1
4328,2994,728,3
4329,2138,901,5
4330,3103,149,1
4331,1147,774,5
4332,2274,772,1
4333,730,604,1
4334,942,328,5
4335,918,259,1
4336,3731,182,5
4337,635,281,2
4338,1590,915,4
4339,3527,56,5
4340,1705,559,3
4341,2698,755,2
4342,2744,813,5
4343,2534,289,5
4344,2453,327,2
4345,2018,159,3
4346,1017,551,4
4347,1297,516,5
4348,1595,343,3
4349,2285,634,2
4350,1940,470,2
4351,4188,44,1
4352,747,430,3
4353,210,811,3
4354,387,238,4
4355,4250,64,2
4356,3637,840,3
4357,3648,415,5
4358,882,588,1
4359,3871,4,2
4360,1676,776,4
4361,277,589,5
4362,3148,313,1
4363,2248,473,4
4364,2318,699,5
4365,838,135,2
4366,2536,310,3
4367,3634,285,3
4368,2434,173,3
4369,301,785,4
4370,2284,222,3
4371,4227,277,3
4372,2239,980,2
4373,2371,399,4
4374,1061,391,5
4375,1535,701,1
4376,1154,269,4
4377,3531,667,4
4378,3551,398,5
4379,648,991,1
4380,2868,671,4
4381,4187,526,1
4382,3100,641,3
4383,2478,38,3
4384,3013,175,5
4385,2888,254,3
4386,1367,391,2
4387,392,705,2
4388,1564,289,5
4389,2095,527,1
4390,444,550,5
4391,3139,803,1
4392,4420,882,2
4393,1806,182,5
4394,1194,851,4
4395,1587,960,4
4396,3922,141,3
4397,870,64,4
4398,3446,236,5
4399,4377,873,3
4400,106,403,2
4401,1162,381,4
4402,523,988,1
4403,1312,242,2
4404,1387,267,1
4405,2687,219,4
4406,656,282,3
4407,2773,973,2
4408,798,840,1
4409,3955,276,3
4410,3385,442,5
4411,4440,997,2
4412,4301,981,4
4413,491,274,2
4414,287,241,2
4415,2132,858,1
4416,4273,863,1
4417,3167,163,2
4418,3156,660,1
4419,1062,120,1
4420,4411,461,3
4421,1,637,4
4422,1935,864,5
4423,1344,827,5
4424,2858,260,2
4425,3139,852,1
4426,3159,352,4
4427,2536,656,5
4428,4099,334,3
4429,3941,717,5
4430,3740,747,3
4431,506,394,1
4432,3819,733,2
4433,153,840,5
4434,2716,735,2
4435,2982,809,1
4436,1690,429,3
4437,1742,102,4
4438,548,124,3
4439,3049,122,1
4440,3021,317,1
4441,4016,959,1
4442,2565,324,1
4443,3898,713,4
4444,3076,845,5
4445,1250,936,3
4446,1750,306,5
4447,3544,776,3
4448,156,88,3
4449,2891,876,5
4450,4091,282,2
4451,1223,694,4
4452,765,517,2
4453,98,280,4
4454,3433,438,4
4455,924,105,5
4456,2127,864,3
4457,3510,940,2
4458,2508,476,3
4459,67,309,2
4460,3533,440,1
4461,3135,570,2
4462,2479,552,2
4463,229,643,5
4464,266,806,2
4465,1014,759,2
4466,669,172,3
4467,2393,46,3
4468,448,251,4
4469,1355,511,1
4470,1463,674,3
4471,3989,837,1
4472,4251,475,2
4473,3474,914,3
4474,952,376,1
4475,788,40,1
4476,3325,275,1
4477,1464,843,1
4478,1396,286,1
4479,2290,699,1
4480,1693,871,2
4481,1362,614,1
4482,482,408,2
4483,1855,412,4
4484,3692,966,5
4485,1226,616,4
4486,3627,97,5
4487,3178,914,3
4488,3966,732,5
4489,1622,296,3
4490,2234,338,4
4491,3986,956,2
4492,401,859,3
4493,2394,636,4
4494,751,621,4
4495,4241,341,5
4496,1899,66,1
4497,2163,987,4
4498,1932,776,3
4499,713,945,2
4500,117,416,2
4501,2116,866,2
4502,3097,969,4
4503,4261,557,3
4504,3257,604,1
4505,3415,983,2
4506,3589,270,1
4507,1146,395,1
4508,607,778,2
4509,2257,735,1
4510,4048,201,5
4511,2140,462,5
4512,4178,615,3
4513,3943,154,2
4514,2459,542,5
4515,2600,770,5
4516,1179,592,4
4517,3692,143,3
4518,1424,645,2
4519,603,849,3
4520,3488,346,5
4521,2946,544,2
4522,188,672,2
4523,1776,926,2
4524,4096,709,5
4525,4497,492,1
4526,1859,617,4
4527,285,408,5
4528,4135,656,3
4529,3404,242,1
4530,3229,154,2
4531,1715,412,2
4532,2926,868,4
4533,2071,972,5
4534,1894,560,2
4535,893,434,2
4536,2652,240,3
4537,1343,51,5
4538,2703,602,1
4539,3467,918,5
4540,121,744,5
4541,3066,410,5
4542,1842,152,2
4543,124,817,2
4544,4431,90,5
4545,1103,781,5
4546,4277,796,5
4547,4431,360,1
4548,2656,549,2
4549,2570,155,4
4550,362,794,1
4551,494,978,3
4552,2727,801,5
4553,4290,288,5
4554,393,831,4
4555,690,665,1
4556,973,697,5
4557,2656,327,3
4558,2323,423,4
4559,1837,92,1
4560,2355,341,2
4561,1846,38,4
4562,133,24,3
4563,116,659,3
4564,577,729,1
4565,3898,519,3
4566,1813,192,1
4567,4236,664,5
4568,399,563,3
4569,3442,64,1
4570,852,854,4
4571,290,129,2
4572,4119,11,1
4573,364,166,5
4574,492,611,5
4575,3830,758,3
4576,10,263,4
4577,3871,611,5
4578,3565,617,2
4579,4095,589,2
4580,1950,213,3
4581,3081,8,2
4582,241,93,5
4583,2514,817,2
4584,2199,345,2
4585,4177,221,2
4586,3642,281,5
4587,42,605,5
4588,3792,62,4
4589,37,510,5
4590,1894,768,5
4591,2687,4,3
4592,3246,101,2
4593,2577,302,1
4594,235,192,3
4595,2350,602,4
4596,3783,730,1
4597,2050,963,2
4598,792,315,4
4599,620,944,3
4600,278,289,2
4601,465,864,1
4602,3802,921,3
4603,2490,992,5
4604,813,797,4
4605,780,763,4
4606,436,536,2
4607,4495,150,2
4608,1748,263,1
4609,2152,810,4
4610,3097,1000,3
4611,3665,19,3
4612,1682,340,5
4613,4393,350,2
4614,797,738,2
4615,3258,889,1
4616,146,269,5
4617,2085,727,4
4618,3929,16,2
4619,1722,731,4
4620,641,584,5
4621,923,772,2
4622,1352,323,4
4623,1928,406,2
4624,1796,499,1
4625,3743,279,5
4626,963,662,2
4627,1517,686,1
4628,3947,324,3
4629,3068,504,1
4630,546,916,4
4631,57,919,3
4632,2572,943,5
4633,914,343,3
4634,2370,337,3
4635,4112,804,5
4636,2038,245,1
4637,610,793,1
4638,3804,188,3
4639,1387,482,3
4640,3236,914,1
4641,2860,506,2
4642,3125,595,1
4643,1351,346,4
4644,1126,710,2
4645,3276,964,3
4646,3956,91,4
4647,613,267,5
4648,2445,373,1
4649,3371,813,3
4650,2758,721,1
4651,3559,459,4
4652,2211,896,5
4653,2607,820,2
4654,306,3,1
4655,1517,261,5
4656,471,810,5
4657,1969,395,5
4658,2393,128,1
4659,1113,72,2
4660,1327,165,4
4661,112,875,5
4662,2890,838,4
4663,1267,45,2
4664,4468,116,3
4665,3887,476,3
4666,2987,753,2
4667,2037,812,3
4668,3322,885,2
4669,1526,719,2
4670,1383,168,3
4671,3037,574,1
4672,565,420,4
4673,1717,308,5
4674,4206,672,4
4675,728,644,2
4676,2996,575,1
4677,3835,731,1
4678,3694,996,1
4679,3997,722,4
4680,1911,92,3
4681,1110,560,4
4682,3442,804,1
4683,3800,282,1
4684,1614,20,5
4685,244,100,1
4686,2831,682,1
4687,3566,95,1
4688,977,621,3
4689,4489,98,1
4690,603,561,2
4691,873,473,1
4692,188,173,1
4693,2824,324,4
4694,1010,247,2
4695,3022,176,2
4696,1143,790,5
4697,2624,429,2
4698,1322,739,2
4699,1808,996,1
4700,3204,550,2
4701,2248,35,2
4702,1442,106,2
4703,1753,53,1
4704,615,524,1
4705,3627,881,4
4706,4011,628,2
4707,432,878,5
4708,2976,732,4
4709,4221,26,3
4710,744,646,1
4711,3570,506,5
4712,1146,138,1
4713,1300,150,1
4714,658,315,4
4715,1037,44,1
4716,2162,206,3
4717,1257,512,1
4718,4100,679,5
4719,4066,135,4
4720,1171,936,3
4721,2997,285,2
4722,322,141,1
4723,2038,231,1
4724,547,235,5
4725,3404,385,5
4726,2840,296,2
4727,884,777,5
4728,1876,279,4
4729,3708,471,1
4730,1607,439,5
4731,3635,110,4
4732,2578,711,4
4733,4412,521,4
4734,4098,127,3
4735,3210,532,4
4736,92,583,2
4737,2743,291,2
4738,1453,958,5
4739,3010,275,4
4740,2172,891,4
4741,248,67,1
4742,768,530,1
4743,4449,731,5
4744,3682,104,5
4745,4214,28,4
4746,4186,506,2
4747,2192,349,4
4748,3026,484,5
4749,3888,829,3
4750,4339,259,4
4751,1799,994,3
4752,3504,249,3
4753,598,122,2
4754,1248,150,1
4755,3583,837,2
4756,548,919,1
4757,1532,993,5
4758,2829,447,4
4759,2000,274,5
4760,1671,925,4
4761,4087,415,1
4762,186,269,5
4763,1785,631,4
4764,2824,612,4
4765,4403,791,4
4766,3160,466,5
4767,2581,135,2
4768,4005,288,1
4769,585,26,5
4770,459,865,5
4771,1266,910,1
4772,127,701,3
4773,296,746,3
4774,1559,60,3
4775,4220,414,5
4776,665,900,5
4777,3174,788,5
4778,794,319,5
4779,224,488,5
4780,959,688,4
4781,3525,23,3
4782,3327,408,2
4783,498,619,5
4784,1942,879,1
4785,1763,613,4
4786,138,697,1
4787,971,34,4
4788,4179,473,5
4789,2567,817,5
4790,1452,464,3
4791,2290,503,4
4792,1603,882,5
4793,284,200,4
4794,2312,986,5
4795,1622,648,3
4796,2134,264,2
4797,1584,784,5
4798,3996,906,2
4799,2321,723,5
4800,3596,593,1
4801,1798,12,2
4802,1767,300,4
4803,1621,405,4
4804,1462,59,5
4805,859,344,2
4806,1656,388,3
4807,725,113,1
4808,2679,585,2
4809,1479,332,3
4810,1354,321,4
4811,2194,469,1
4812,4225,749,3
4813,2128,363,3
4814,3362,424,4
4815,2090,311,4
4816,2569,340,3
4817,3088,819,3
4818,1063,570,5
4819,3708,941,1
4820,115,6,1
4821,1042,785,1
4822,4060,464,5
4823,3786,767,5
4824,3285,113,4
4825,1736,571,3
4826,875,428,4
4827,3352,870,1
4828,1284,281,4
4829,4063,925,3
4830,3672,597,3
4831,1749,679,4
4832,500,500,5
4833,4223,452,3
4834,3591,338,3
4835,3609,881,3
4836,3012,191,5
4837,2422,423,4
4838,1787,594,2
4839,2333,556,3
4840,2797,480,5
4841,784,548,3
4842,1609,993,5
4843,1007,396,2
4844,2786,577,5
4845,4366,248,2
4846,717,755,4
4847,292,118,3
4848,131,55,3
4849,2295,12,3
4850,1850,29,2
4851,1143,262,2
4852,4259,977,5
4853,554,579,5
4854,1713,467,4
4855,963,892,5
4856,3944,205,4
4857,1164,251,4
4858,2617,941,2
4859,345,887,4
4860,99,576,2
4861,156,140,1
4862,2933,167,3
4863,1807,398,3
4864,3859,702,2
4865,1047,348,5
4866,3672,519,1
4867,2412,262,3
4868,551,184,1
4869,848,349,4
4870,2659,86,1
4871,3839,886,2
4872,711,575,4
4873,1716,105,3
4874,2815,648,1
4875,3165,993,2
4876,2501,898,2
4877,1541,33,2
4878,2149,508,5
4879,3116,234,4
4880,3012,510,3
4881,4144,153,2
4882,1213,882,4
4883,130,717,1
4884,4119,152,1
4885,3412,675,2
4886,2268,474,1
4887,3210,229,1
4888,1368,963,2
4889,1551,111,5
4890,3656,690,1
4891,806,101,4
4892,4379,183,2
4893,337,539,5
4894,2732,234,3
4895,66,153,5
4896,3611,312,4
4897,3544,889,2
4898,3731,622,3
4899,735,578,5
4900,2525,52,3
4901,997,675,5
4902,4255,368,4
4903,1271,890,3
4904,4289,290,1
4905,2586,437,5
4906,3023,336,4
4907,227,890,5
4908,3585,346,5
4909,1027,358,5
4910,2053,472,2
4911,3257,537,1
4912,4055,477,1
4913,798,431,2
4914,2319,15,3
4915,4452,58,2
4916,2930,945,4
4917,2221,705,5
4918,3506,191,5
4919,3423,212,2
4920,2234,625,2
4921,2149,83,3
4922,2632,365,3
4923,2367,496,4
4924,2406,739,3
4925,3786,31,5
4926,4238,297,5
4927,4150,581,3
4928,891,500,3
4929,2583,518,3
4930,4043,666,4
4931,130,713,3
4932,3801,137,2
4933,1538,973,2
4934,2648,530,2
4935,1965,14,3
4936,1326,163,4
4937,2203,276,1
4938,2120,867,3
4939,1252,385,4
4940,2429,524,1
4941,4493,793,2
4942,2721,600,3
4943,357,335,3
4944,864,708,4
4945,1670,25,2
4946,606,385,4
4947,3928,586,2
4948,4422,198,5
4949,2948,228,3
4950,3257,732,3
4951,151,11,4
4952,4440,575,1
4953,2343,859,1
4954,4447,435,5
4955,3142,948,1
4956,696,840,4
4957,183,766,3
4958,703,669,5
4959,4259,178,1
4960,216,165,5
4961,557,330,1
4962,2531,620,5
4963,297,107,5
4964,1569,787,4
4965,3118,706,1
4966,2937,104,4
4967,2811,924,5
4968,1528,242,5
4969,1112,67,1
4970,3340,154,3
4971,1621,935,1
4972,3974,558,5
4973,4312,520,1
4974,2277,826,4
4975,1241,421,2
4976,4296,548,1
4977,941,18,3
4978,3419,393,5
4979,535,361,5
4980,926,932,1
4981,2485,367,1
4982,3450,712,2
4983,156,750,4
4984,669,593,2
4985,4351,76,5
4986,1685,433,1
4987,115,889,2
4988,2087,622,5
4989,9,955,4
4990,3883,590,4
4991,290,424,5
4992,2145,854,1
4993,1945,403,2
4994,3101,631,1
4995,2391,137,3
4996,404,736,3
4997,219,725,2
4998,519,802,5
4999,15,284,4
5000,275,770,3
